wall_time_iso,step,left_ft_joint,right_ft_joint
2026-02-27T10:39:46.100,0,"[0.0007116181077435613, 0.0010105762630701065, 0.0017910330789163709, -2.0763269503731863e-07, -1.47652006177168e-08, -7.139250612908654e-08]","[0.0011340125929564238, 0.0007536720368079841, 0.0017799143679440022, -1.7338918212317367e-07, 4.145964993540474e-08, -7.148631908648895e-08]"
2026-02-27T10:39:46.371,1,"[0.0011597941629588604, 0.0007018297328613698, 0.0007206365698948503, -9.422991809060477e-08, 1.5259854535543127e-07, 5.114859291666107e-08]","[0.0011368055129423738, 0.0006670356378890574, 0.0007582036196254194, -8.967955267280558e-08, 1.4937448611362925e-07, 5.0904620962910485e-08]"
2026-02-27T10:39:46.427,2,"[0.0013032171409577131, 0.0005076276138424873, 0.00034756638342514634, -2.9239270560310615e-08, 1.6868597185748513e-07, 2.44255573988994e-07]","[0.0013055098243057728, 0.0006259848596528172, 0.00038192575448192656, -4.5059657338697434e-08, 1.6884013120943564e-07, 2.4475525606248993e-07]"
2026-02-27T10:39:46.484,3,"[0.0008318809559568763, 0.00045999675057828426, 0.00026210772921331227, -3.568544570953236e-08, 1.1344742745222902e-07, 1.6985579520678584e-07]","[0.0008274641586467624, 0.0005851599853485823, 0.00031030538957566023, -5.244838163775967e-08, 1.1264631893936894e-07, 1.7038188104834262e-07]"
2026-02-27T10:39:46.561,4,"[-0.0001477875339332968, 0.0004563982365652919, 0.0002521541900932789, -5.737750896628313e-08, -1.1550795875336917e-08, -7.806723267833604e-09]","[-0.00017286655202042311, 0.0005340192001312971, 0.0002886245783884078, -6.778787309258405e-08, -1.5050401813709868e-08, -7.518055511468447e-09]"
2026-02-27T10:39:46.624,5,"[-0.0001566227583680302, 0.0003998848842456937, 0.00017836556071415544, -6.084053438826231e-08, -6.480601388858531e-09, -1.2697054962984566e-08]","[-0.00021005660528317094, 0.00043430019286461174, 0.00021304194524418563, -6.550187947595987e-08, -1.3743196802806779e-08, -1.2673191385204063e-08]"
2026-02-27T10:39:46.683,6,"[-0.00017463510448578745, 0.00033594961860217154, 0.0001035172026604414, -5.882062481532557e-08, -1.924565173894166e-09, -1.82277624105609e-08]","[-0.00025550220743753016, 0.00033950802753679454, 0.00013612206385005265, -5.93746385391114e-08, -1.2826377293606583e-08, -1.8410963420478765e-08]"
2026-02-27T10:39:46.748,7,"[-0.0002021247346419841, 0.0002731607819441706, 2.1890162315685302e-05, -5.08238429119956e-08, -4.407884335311252e-10, -2.394445175468718e-08]","[-0.00030064614838920534, 0.0002638655132614076, 4.8604186304146424e-05, -4.965549038615791e-08, -1.3664127607171395e-08, -2.422925682310506e-08]"
2026-02-27T10:39:46.808,8,"[-0.0002486862358637154, 0.00022452094708569348, -6.404677696991712e-05, -3.91728285364934e-08, -4.575018142105591e-09, -2.9921057631554504e-08]","[-0.0003516282595228404, 0.00021969369845464826, -4.6053108235355467e-05, -3.8578871652816815e-08, -1.8347197539014815e-08, -3.0195970168733766e-08]"
2026-02-27T10:39:46.864,9,"[-0.00030456791864708066, 0.00019361697195563465, -0.00015518817235715687, -2.470658522213398e-08, -1.4425930672246068e-08, -3.517746094416907e-08]","[-0.0003947136865463108, 0.00021242740331217647, -0.0001457500329706818, -2.7237213373609848e-08, -2.645791674638076e-08, -3.531285486246816e-08]"
2026-02-27T10:39:46.924,10,"[-0.0003575711452867836, 0.0001877240720205009, -0.00023732070985715836, -1.1811312816689679e-08, -2.7745477026996923e-08, -3.814628968257239e-08]","[-0.0004217821406200528, 0.00023937095829751343, -0.0002334276941837743, -1.8697408066259413e-08, -3.630328748727152e-08, -3.8067781815698254e-08]"
2026-02-27T10:39:46.980,11,"[-0.0003983396163675934, 0.00021560830646194518, -0.0003019273281097412, -4.811749665378784e-09, -4.2815656797756674e-08, -3.81096363355482e-08]","[-0.0004254055384080857, 0.00029915329650975764, -0.00029310182435438037, -1.595467757908864e-08, -4.6455117086452447e-08, -3.779325652430998e-08]"
2026-02-27T10:39:47.039,12,"[-0.00041542836697772145, 0.00028044634382240474, -0.0003063375479541719, -7.207233920780709e-09, -5.6353474775505674e-08, -3.4650213365239324e-08]","[-0.0004004755464848131, 0.00038422326906584203, -0.0003103567869402468, -2.100874496591132e-08, -5.4347097488971485e-08, -3.4136274251750365e-08]"
2026-02-27T10:39:47.097,13,"[-0.0003893970570061356, 0.00038756601861678064, -0.0003425669274292886, -1.6185616402708547e-08, -6.09382553307114e-08, -2.287967504344124e-08]","[-0.000344340514857322, 0.0005107654142193496, -0.00034711038460955024, -3.257034464354547e-08, -5.4925571646435856e-08, -2.2203050065172647e-08]"
2026-02-27T10:39:47.154,14,"[-0.00034870620584115386, 0.0005289849941618741, -0.0003090530226472765, -3.997476483164064e-08, -6.645678496397522e-08, -1.9898804382023627e-08]","[-0.0002609150542411953, 0.0006353036151267588, -0.00030703077209182084, -5.413047787783398e-08, -5.478970876993117e-08, -1.9189981159684066e-08]"
2026-02-27T10:39:47.212,15,"[-0.00019380313460715115, 0.0006658329511992633, -0.00026252344832755625, -6.830320131712142e-08, -5.0596799638924495e-08, -6.931593965475713e-09]","[-8.647479262435809e-05, 0.0007375840214081109, -0.0002564673777669668, -7.787074451925946e-08, -3.6348964727039856e-08, -6.331603241704897e-09]"
2026-02-27T10:39:47.269,16,"[-6.06679577686009e-06, 0.0007819222519174218, -0.00023233079991769046, -9.138580026046839e-08, -2.6705048838948642e-08, 7.140637858782384e-09]","[0.00010715274402173236, 0.0008275290601886809, -0.00022573584283236414, -9.747699891704542e-08, -1.1675648892151003e-08, 7.63388463553838e-09]"
2026-02-27T10:39:47.327,17,"[0.0001877665490610525, 0.0008633313118480146, -0.00021325367561075836, -1.0812089357159493e-07, -6.442940070350289e-10, 2.0071981410296758e-08]","[0.00030106291524134576, 0.000887896865606308, -0.00020502516417764127, -1.1141748501586335e-07, 1.4388565006129284e-08, 2.0466247363515322e-08]"
2026-02-27T10:39:47.384,18,"[0.00041173837962560356, 0.0009200571803376079, -0.00019458432507235557, -1.2071066635144234e-07, 3.033198936464032e-08, 4.676888565313675e-08]","[0.0005208687507547438, 0.0009258221834897995, -0.00018534301489125937, -1.2150897532592353e-07, 4.480681781160456e-08, 4.706251033326225e-08]"
2026-02-27T10:39:47.442,19,"[0.0005210207891650498, 0.0009205276146531105, -0.0001707505580270663, -1.2467326371279341e-07, 4.820489607482159e-08, 4.0363492104233956e-08]","[0.0006121793994680047, 0.0009103472111746669, -0.00016119600331876427, -1.2335094368154387e-07, 6.0288328995739e-08, 4.053730151554191e-08]"
2026-02-27T10:39:47.499,20,"[0.0006658908678218722, 0.0009262182284146547, -0.00013522976951207966, -1.2951657879511913e-07, 6.966820365050808e-08, 6.410878228280126e-08]","[0.0007437552558258176, 0.0009007118060253561, -0.00012561817129608244, -1.261551005882211e-07, 7.998360729288834e-08, 6.417639042410883e-08]"
2026-02-27T10:39:47.557,21,"[0.0008121905848383904, 0.000973585294559598, -6.6390770371072e-05, -1.4273443582624168e-07, 9.027397140926041e-08, 1.1091420759612447e-07]","[0.0008780223433859646, 0.0009246958652511239, -5.637437789118849e-05, -1.362622583656048e-07, 9.898742092673274e-08, 1.1084289042173623e-07]"
2026-02-27T10:39:47.614,22,"[4.33618770330213e-05, 0.0004461747594177723, -8.980732673080638e-05, -5.627313370837328e-08, -8.04317679126143e-09, -1.555580695367098e-07]","[8.882230758899823e-05, 0.0004592026525642723, -8.604792674304917e-05, -5.80191965582344e-08, -2.013339717166218e-09, -1.5538445552465419e-07]"
2026-02-27T10:39:47.670,23,"[-0.00027456184034235775, 0.00030229674302972853, -8.75897821970284e-05, -2.9469099160905898e-08, -5.1476309437248347e-08, -1.9163245212894253e-07]","[-0.00019388279179111123, 0.0003387914039194584, -7.800187449902296e-05, -3.435054551914618e-08, -4.078935944562545e-08, -1.9125631922634057e-07]"
2026-02-27T10:39:47.728,24,"[-0.000198445311980322, 0.000623620580881834, -3.457054845057428e-06, -8.232050419110237e-08, -2.7685587156156544e-08, -6.168573207787631e-08]","[-0.00013564323307946324, 0.0006141999620012939, 1.1672038453980349e-05, -8.110787064197211e-08, -1.9401035444843728e-08, -6.156118104172492e-08]"
2026-02-27T10:39:47.785,25,"[-0.00012400976265780628, 0.0008164421888068318, 0.00017297379963565618, -1.24908353882347e-07, -9.779866694259454e-09, 2.936978127365819e-08]","[-8.989165507955477e-05, 0.0007521674851886928, 0.00018504899344407022, -1.1638802277502691e-07, -5.296980187807776e-09, 2.9175030391570544e-08]"
2026-02-27T10:39:47.843,26,"[-0.00024191646662075073, 0.0008342997753061354, 0.0002850086020771414, -1.323172966749553e-07, -3.753472199718999e-08, 3.6138704473387406e-08]","[-0.00017082004342228174, 0.0007763321045786142, 0.00028502309578470886, -1.246021099632344e-07, -2.8080540559471956e-08, 3.6069224051971105e-08]"
2026-02-27T10:39:47.902,27,"[-0.003233895869925618, -0.004991591442376375, 0.002033003605902195, 1.8995471009475295e-06, -3.4402387427689973e-06, -9.294138180848677e-06]","[-0.0003006638144142926, 0.0007913149311207235, 0.00019512155267875642, -1.1295460211613317e-07, -8.501518777848105e-08, -1.0819483975410549e-08]"
2026-02-27T10:39:47.962,28,"[-0.0014941688859835267, 0.0009556452860124409, 0.002314669545739889, -9.744149309653949e-08, -3.3094985951720446e-07, -5.300157113197201e-07]","[-0.0009761492838151753, 0.0010771778179332614, 0.001489371294155717, -1.1145148448576947e-07, -2.5837775297077314e-07, -5.281152652969467e-07]"
2026-02-27T10:39:48.019,29,"[0.0002101013669744134, 0.000556508603040129, 0.005432989448308945, -7.459189532710297e-08, 2.4742149662415613e-08, -3.103418464434071e-07]","[0.0002677892043720931, 0.0005739060579799116, 0.000876487058121711, -6.520521367292531e-08, 5.275403935911527e-08, -3.1012208978609124e-07]"
2026-02-27T10:39:48.078,30,"[0.0001051774961524643, 0.00011611780792009085, -0.0003899324219673872, 4.625693605930792e-08, -5.6430334183232844e-08, -7.887502562198279e-08]","[0.0003734382626134902, 0.000271510798484087, -0.0009692298481240869, 2.7046898054550184e-08, -1.8162319648240555e-08, -7.750342945200828e-08]"
2026-02-27T10:39:48.136,31,"[9.307141590397805e-05, 0.0007152687758207321, -0.0007341392920352519, -6.797232288136001e-08, -7.129712931153165e-10, 6.511189365454584e-09]","[0.00011321902275085449, 0.000708333682268858, -0.0004983824910596013, -6.768015481384282e-08, 9.101930875665687e-10, 6.536530428036258e-09]"
2026-02-27T10:39:48.196,32,"[-0.8864884376525879, 2.2766306400299072, -6.650520324707031, 0.05729811638593674, 0.011775837279856205, -0.009779635816812515]","[0.5837841033935547, -0.6274216175079346, 2.107212543487549, 0.0013277591206133366, -0.000103798731288407, -0.0002552166988607496]"
2026-02-27T10:39:48.261,33,"[2.0629262924194336, 2.397439479827881, -7.689153671264648, 0.06871382892131805, 0.001329038292169571, -0.00317270471714437]","[0.6069104075431824, 1.6793699264526367, 2.955310344696045, 0.02806088887155056, 0.0007269459892995656, -0.00042729321285150945]"
2026-02-27T10:39:48.323,34,"[1.387789249420166, 2.856416702270508, -7.644434928894043, 0.06837362796068192, 0.0014539894182235003, -0.0025435364805161953]","[0.4416847229003906, 1.738324761390686, 3.027961492538452, 0.02860451675951481, 0.0007379746530205011, -0.0009597745374776423]"
2026-02-27T10:39:48.383,35,"[0.14517638087272644, 3.106339454650879, -7.436237335205078, 0.0665501207113266, 0.0016078413464128971, -8.132726361509413e-05]","[0.03965671733021736, 1.686504602432251, 2.8753979206085205, 0.027077656239271164, 0.000669417786411941, -0.0010498398914933205]"
2026-02-27T10:39:48.443,36,"[-2.1845908164978027, 2.2859697341918945, -7.124659061431885, 0.06442929059267044, 0.0017301141051575541, 0.0010423075873404741]","[0.4602210521697998, -1.1979689598083496, 3.203713893890381, 0.0292317233979702, 0.0009095562272705138, 0.003882689867168665]"
2026-02-27T10:39:48.503,37,"[-3.3637406826019287, 0.520041286945343, -7.0629448890686035, 0.0637417733669281, -0.011230934411287308, 0.0009507373906672001]","[-0.9220519065856934, 1.3832995891571045, 2.975050210952759, 0.02737078256905079, -0.005136022809892893, 0.0007967696874402463]"
2026-02-27T10:39:48.563,38,"[-3.3698439598083496, -0.19340702891349792, -6.946369171142578, 0.0628214105963707, -0.010912117548286915, 0.003757285652682185]","[-1.2448066473007202, 1.0628944635391235, 2.980145215988159, 0.027412174269557, -0.0051995133981108665, 0.0009350857581011951]"
2026-02-27T10:39:48.624,39,"[-3.2918033599853516, -0.6830162405967712, -6.851850986480713, 0.062036365270614624, -0.01086718961596489, 0.0026817170437425375]","[-1.4462467432022095, 0.7090480327606201, 2.981018304824829, 0.02740287408232689, -0.005245329812169075, 0.0007845294894650578]"
2026-02-27T10:39:48.683,40,"[-3.135854482650757, -1.1931118965148926, -6.771191596984863, 0.061406027525663376, -0.010891485027968884, 0.001386155840009451]","[-1.5283591747283936, 0.41771095991134644, 2.9691195487976074, 0.02727905660867691, -0.005261590704321861, 0.0006940074963495135]"
2026-02-27T10:39:48.745,41,"[-1.3769867420196533, 3.122885227203369, -7.604659080505371, 0.057328589260578156, 0.002396357012912631, 0.0010835083667188883]","[-1.9644434452056885, 0.2110840082168579, 3.7371110916137695, 0.03431830555200577, -0.006655784789472818, 0.0008319882908836007]"
2026-02-27T10:39:48.806,42,"[-1.1846996545791626, 3.0513086318969727, -7.1881561279296875, 0.05598519742488861, 0.009912741370499134, 0.002408448839560151]","[-2.0360500812530518, -0.10165000706911087, 3.813382625579834, 0.035741597414016724, 0.00035424932138994336, 0.0009848119225353003]"
2026-02-27T10:39:48.865,43,"[-0.8838669061660767, 2.793721914291382, -6.300438404083252, 0.04989046975970268, 0.015577476471662521, 0.0024686104152351618]","[-1.621801733970642, -0.3527260720729828, 3.0612664222717285, 0.0281684473156929, 0.005552566144615412, 0.0009511283715255558]"
2026-02-27T10:39:48.925,44,"[-2.2592499256134033, -1.9196958541870117, -6.415303707122803, 0.053422171622514725, 0.02234261855483055, 0.002235551830381155]","[-1.6129179000854492, -0.5434011220932007, 3.0923526287078857, 0.026834508404135704, 0.01073384378105402, 0.0011155976681038737]"
2026-02-27T10:39:48.984,45,"[-2.356095790863037, -1.78226900100708, -6.39776611328125, 0.05329471826553345, 0.02217375673353672, 0.0021881067659705877]","[-1.585511326789856, -0.4695510268211365, 3.0175015926361084, 0.026174036785960197, 0.01041680108755827, 0.0010585057316347957]"
2026-02-27T10:39:49.044,46,"[-2.443270683288574, -1.727626919746399, -6.413691520690918, 0.053560104221105576, 0.022152328863739967, 0.0019875599537044764]","[-1.565233588218689, -0.35991907119750977, 2.9642720222473145, 0.02565723843872547, 0.010155651718378067, 0.0009602300706319511]"
2026-02-27T10:39:49.104,47,"[-0.9762306213378906, 2.6061313152313232, -5.84128999710083, 0.04762972891330719, 0.020686708390712738, 0.002668766537681222]","[-1.3163862228393555, -0.2185484915971756, 2.496184825897217, 0.021538862958550453, 0.008495500311255455, 0.000713863002602011]"
2026-02-27T10:39:49.163,48,"[-2.4021332263946533, -1.5574039220809937, -6.022637367248535, 0.0453006885945797, 0.029698675498366356, 0.0009891969384625554]","[-1.316872239112854, -0.18737927079200745, 2.4926886558532715, 0.019249113276600838, 0.01223118044435978, 0.0008697385201230645]"
2026-02-27T10:39:49.225,49,"[-2.4191761016845703, -1.7176389694213867, -6.071399688720703, 0.04590354114770889, 0.03017774038016796, 0.0005233586998656392]","[-1.3168649673461914, -0.06706073880195618, 2.508254051208496, 0.019300034269690514, 0.01231946237385273, 0.0006381835555657744]"
2026-02-27T10:39:49.286,50,"[-2.350647449493408, -1.954527735710144, -6.093795299530029, 0.04631785675883293, 0.030576931312680244, -1.751269337546546e-05]","[-1.309091329574585, 0.06134970858693123, 2.5074658393859863, 0.019206348806619644, 0.012337442487478256, 0.00042065003071911633]"
2026-02-27T10:39:49.347,51,"[-2.183480978012085, -2.25811505317688, -6.084386825561523, 0.046411268413066864, 0.03077254816889763, -0.00037712694029323757]","[-1.297006607055664, 0.13530084490776062, 2.4933743476867676, 0.01902719773352146, 0.012295251712203026, -0.0001311704982072115]"
2026-02-27T10:39:49.409,52,"[-1.7417752742767334, -2.7203211784362793, -6.055225849151611, 0.046424370259046555, 0.03091871365904808, -0.000295794103294611]","[-1.2289855480194092, 0.45727112889289856, 2.4510557651519775, 0.018693281337618828, 0.012204596772789955, -9.294332994613796e-05]"
2026-02-27T10:39:49.469,53,"[-1.787555456161499, -2.700173854827881, -6.013206481933594, 0.04610614478588104, 0.030893970280885696, -0.00030092455563135445]","[-1.10237455368042, 0.7371183037757874, 2.4134771823883057, 0.018415993079543114, 0.012180821038782597, 7.737093255855143e-05]"
2026-02-27T10:39:49.531,54,"[-2.0533041954040527, -2.4567439556121826, -5.983485698699951, 0.045712053775787354, 0.03084625117480755, -0.0006106231594458222]","[-0.9912412762641907, 0.9185209274291992, 2.403942346572876, 0.018347635865211487, 0.012285422533750534, -9.400382987223566e-05]"
2026-02-27T10:39:49.591,55,"[-2.5541493892669678, -1.6875293254852295, -5.964463710784912, 0.04506763815879822, 0.030642369762063026, -0.0009074434638023376]","[-0.9183045029640198, 1.02521812915802, 2.4076735973358154, 0.01837659254670143, 0.012439673766493797, -0.00023959961254149675]"
2026-02-27T10:39:49.651,56,"[-2.8077707290649414, -0.4269934594631195, -5.964986801147461, 0.04434505105018616, 0.03040395677089691, -0.00032460232614539564]","[-0.9000808000564575, 1.0770487785339355, 2.4270551204681396, 0.01852031983435154, 0.012651525437831879, -0.0003120123001281172]"
2026-02-27T10:39:49.712,57,"[-2.096433639526367, 1.611055612564087, -6.095506191253662, 0.045595522969961166, 0.02897750958800316, -0.0018807451706379652]","[-0.772240400314331, 1.1968895196914673, 2.4838345050811768, 0.01935286447405815, 0.0122830830514431, -0.0014404675457626581]"
2026-02-27T10:39:49.774,58,"[-1.7904443740844727, 1.9402111768722534, -6.140820503234863, 0.04583890363574028, 0.029310867190361023, 0.0012161616468802094]","[-1.28934645652771, 0.7694688439369202, 2.67561674118042, 0.020850246772170067, 0.013121961615979671, 0.0006157421739771962]"
2026-02-27T10:39:49.834,59,"[-1.9327752590179443, 1.8950200080871582, -6.227537155151367, 0.037277109920978546, 0.031529538333415985, 0.00036894355434924364]","[-1.4541666507720947, 0.7274172902107239, 2.9169464111328125, 0.022685406729578972, 0.014320096001029015, 0.0005594661924988031]"
2026-02-27T10:39:49.896,60,"[-2.159921169281006, 1.749595284461975, -6.313959121704102, 0.028231164440512657, 0.03379865735769272, -0.0011118490947410464]","[-1.575390100479126, 0.5577279925346375, 3.0475969314575195, 0.023624930530786514, 0.014951304532587528, 0.0005860545206815004]"
2026-02-27T10:39:49.955,61,"[0.38042983412742615, -3.513340711593628, -6.369969844818115, 0.028484050184488297, 0.0359954908490181, 0.0005407743738032877]","[-1.6555615663528442, 0.42330116033554077, 3.1376912593841553, 0.024293476715683937, 0.015409422107040882, 0.0005612229579128325]"
2026-02-27T10:39:50.016,62,"[0.4091247320175171, -3.5086655616760254, -6.376767635345459, 0.02849649451673031, 0.03604356572031975, 0.00034406446502543986]","[-1.6507813930511475, 0.4770611524581909, 3.1396305561065674, 0.024299798533320427, 0.015462568961083889, 0.0005657232832163572]"
2026-02-27T10:39:50.076,63,"[0.3953617215156555, -3.505570650100708, -6.385756492614746, 0.028530089184641838, 0.036069344729185104, 0.00012547489313874394]","[-1.6398487091064453, 0.5413495302200317, 3.13881516456604, 0.024296864867210388, 0.015477491542696953, 0.0005056592053733766]"
2026-02-27T10:39:50.136,64,"[0.4803498685359955, -3.4951086044311523, -6.398889541625977, 0.028548672795295715, 0.03611550107598305, -0.00013379573647398502]","[-1.6139650344848633, 0.6336328983306885, 3.1351399421691895, 0.024276575073599815, 0.015461297705769539, 0.0003944138588849455]"
2026-02-27T10:39:50.196,65,"[0.6841459274291992, -3.46700382232666, -6.415135860443115, 0.028512118384242058, 0.03619280457496643, -0.0004588622832670808]","[-1.5734697580337524, 0.7371507287025452, 3.130324125289917, 0.024245604872703552, 0.015425148420035839, 0.0002373509923927486]"
2026-02-27T10:39:50.256,66,"[0.9691402316093445, -3.4049110412597656, -6.432616233825684, 0.028452405706048012, 0.03627760335803032, -0.000891911971848458]","[-1.5344620943069458, 0.7874526381492615, 3.1233561038970947, 0.024171022698283195, 0.015341976657509804, 7.286889740498737e-05]"
2026-02-27T10:39:50.317,67,"[1.4097270965576172, -3.2696659564971924, -6.487143039703369, 0.028513982892036438, 0.03658146783709526, -0.0009367801831103861]","[-1.4671112298965454, 0.9030355215072632, 3.120598077774048, 0.024143006652593613, 0.015304102562367916, -0.00016647065058350563]"
2026-02-27T10:39:50.377,68,"[0.912630558013916, -3.4680609703063965, -6.611192226409912, 0.022658968344330788, 0.038273874670267105, -0.0012442038860172033]","[-1.441672921180725, 1.0989254713058472, 3.2871739864349365, 0.02541450597345829, 0.01610492542386055, -0.0002806808042805642]"
2026-02-27T10:39:50.436,69,"[1.2147014141082764, -3.428656578063965, -6.757482528686523, 0.017982199788093567, 0.040004756301641464, -0.00291469506919384]","[-1.45244562625885, 1.1990742683410645, 3.4448089599609375, 0.026602955535054207, 0.016821376979351044, -0.0006146403029561043]"
2026-02-27T10:39:50.496,70,"[-2.4959335327148438, 1.7813268899917603, -6.6961894035339355, 0.014872624538838863, 0.03877341002225876, -0.0010993245523422956]","[-1.4511773586273193, 1.2674226760864258, 3.531907558441162, 0.027277540415525436, 0.01720917783677578, -0.0006641253712587059]"
2026-02-27T10:39:50.558,71,"[2.483386516571045, -2.833125591278076, -6.988789081573486, 0.011422412469983101, 0.04266254976391792, 0.001072355080395937]","[0.6702481508255005, -0.6914570331573486, 3.8792130947113037, 0.029612023383378983, 0.018887631595134735, 0.0012484105536714196]"
2026-02-27T10:39:50.617,72,"[2.7154247760772705, -2.604703664779663, -6.984496116638184, 0.011738553643226624, 0.042563486844301224, -0.0019736881367862225]","[1.0850441455841064, -1.021185278892517, 3.8819010257720947, 0.02968069538474083, 0.01893875002861023, 0.0018608267419040203]"
2026-02-27T10:39:50.676,73,"[2.8341784477233887, -2.4906561374664307, -7.011005401611328, 0.011074014008045197, 0.04283712059259415, -0.0013332065427675843]","[-1.4195812940597534, 1.3878259658813477, 3.703986167907715, 0.028538081794977188, 0.01790052279829979, -0.0004193742061033845]"
2026-02-27T10:39:50.737,74,"[2.9135193824768066, -2.3844501972198486, -7.009113788604736, 0.011123821139335632, 0.04279079660773277, -0.00082109757931903]","[-1.42185640335083, 1.369416356086731, 3.691161870956421, 0.028444631025195122, 0.01780121400952339, -0.00043714974890463054]"
2026-02-27T10:39:50.796,75,"[2.949458360671997, -2.324949026107788, -7.0088372230529785, 0.011107290163636208, 0.04276531934738159, -0.0003102232876699418]","[-1.4271754026412964, 1.3505643606185913, 3.6821446418762207, 0.028377465903759003, 0.017723748460412025, -0.000428198924055323]"
2026-02-27T10:39:50.858,76,"[2.9390676021575928, -2.323521614074707, -7.010123252868652, 0.011027646251022816, 0.04276235029101372, 0.00012927678471896797]","[-1.4268591403961182, 1.3400769233703613, 3.6754510402679443, 0.028324345126748085, 0.01766338385641575, -0.000330674578435719]"
2026-02-27T10:39:50.918,77,"[2.881760597229004, -2.3854711055755615, -7.014914035797119, 0.01092693954706192, 0.042789142578840256, 0.00027174997376278043]","[-1.4041695594787598, 1.3571412563323975, 3.673064947128296, 0.028297150507569313, 0.01763462834060192, -0.00019361046724952757]"
2026-02-27T10:39:50.978,78,"[2.7438509464263916, -2.5401394367218018, -7.020857334136963, 0.010905013419687748, 0.04281307011842728, -8.729703040444292e-06]","[-1.3742731809616089, 1.3836616277694702, 3.673168420791626, 0.028288312256336212, 0.01762429252266884, -3.7806985346833244e-05]"
2026-02-27T10:39:51.039,79,"[2.5124292373657227, -2.7675445079803467, -7.0253496170043945, 0.01102538127452135, 0.04280576854944229, -0.0008298827451653779]","[-1.3467131853103638, 1.4068931341171265, 3.671992540359497, 0.028272265568375587, 0.01761142536997795, 0.00012298853835090995]"
2026-02-27T10:39:51.098,80,"[2.2956924438476562, -2.943026065826416, -7.0243635177612305, 0.011244733817875385, 0.04274917021393776, -0.0016857724403962493]","[-1.3146394491195679, 1.4317494630813599, 3.667426347732544, 0.028231129050254822, 0.017587067559361458, 0.0003232445742469281]"
2026-02-27T10:39:51.160,81,"[2.173062801361084, -3.027529239654541, -7.01910400390625, 0.011445720680058002, 0.0426730215549469, -0.0021316255442798138]","[-1.2776767015457153, 1.4592634439468384, 3.661245822906494, 0.028177864849567413, 0.01755981147289276, 0.0005066596204414964]"
2026-02-27T10:39:51.222,82,"[2.1233644485473633, -3.059661865234375, -7.014294147491455, 0.011545329354703426, 0.04262237623333931, -0.0021847388707101345]","[-1.2451890707015991, 1.4830375909805298, 3.6562726497650146, 0.028135282918810844, 0.017540859058499336, 0.0006456767441704869]"
2026-02-27T10:39:51.282,83,"[2.091491937637329, -3.0809433460235596, -7.010172367095947, 0.011554022319614887, 0.04259587079286575, -0.0020820479840040207]","[-1.2305636405944824, 1.4939671754837036, 3.654191017150879, 0.028118442744016647, 0.017534401267766953, 0.0006897146813571453]"
2026-02-27T10:39:51.343,84,"[2.07063364982605, -3.0969290733337402, -7.008548736572266, 0.011494789272546768, 0.04259990155696869, -0.0018766493303701282]","[-1.2239949703216553, 1.5003094673156738, 3.654433250427246, 0.02811996266245842, 0.01754019595682621, 0.000669678149279207]"
2026-02-27T10:39:51.402,85,"[2.082066774368286, -3.091839075088501, -7.007778644561768, 0.011397125199437141, 0.04261751472949982, -0.0016525501850992441]","[-1.2119531631469727, 1.5121196508407593, 3.655689239501953, 0.02812679298222065, 0.017555100843310356, 0.0006034607067704201]"
2026-02-27T10:39:51.461,86,"[2.089156150817871, -3.0901458263397217, -7.008044719696045, 0.011304046958684921, 0.04264150187373161, -0.0013583514373749495]","[-1.208796501159668, 1.5172374248504639, 3.657909393310547, 0.0281412061303854, 0.01757477968931198, 0.000556976767256856]"
2026-02-27T10:39:51.520,87,"[2.1168079376220703, -3.0735061168670654, -7.008074760437012, 0.011221254244446754, 0.042661916464567184, -0.0011367046972736716]","[-1.2008202075958252, 1.5262826681137085, 3.6603708267211914, 0.028155053034424782, 0.017598887905478477, 0.0005129987839609385]"
2026-02-27T10:39:51.579,88,"[2.1583328247070312, -3.0465304851531982, -7.0087432861328125, 0.011151175945997238, 0.042683377861976624, -0.0009440063149668276]","[-1.1896473169326782, 1.5368541479110718, 3.661749839782715, 0.02815869078040123, 0.01762046106159687, 0.00048188320943154395]"
2026-02-27T10:39:51.639,89,"[2.195124864578247, -3.021238088607788, -7.0088419914245605, 0.011103939265012741, 0.04269637167453766, -0.0008050521719269454]","[-1.1833624839782715, 1.5433586835861206, 3.6632370948791504, 0.02816271223127842, 0.01764218509197235, 0.0004684369487222284]"
2026-02-27T10:39:51.698,90,"[2.2467825412750244, -2.9834768772125244, -7.0088067054748535, 0.011070153675973415, 0.04270501434803009, -0.0007364456541836262]","[-1.1701303720474243, 1.5545958280563354, 3.664167642593384, 0.02816011570394039, 0.017663827165961266, 0.0004443509387783706]"
2026-02-27T10:39:51.758,91,"[2.287123203277588, -2.952483892440796, -7.008439540863037, 0.011065333150327206, 0.042705412954092026, -0.000706846418324858]","[-1.1634598970413208, 1.5600004196166992, 3.664327621459961, 0.028151968494057655, 0.017680181190371513, 0.00041810303810052574]"
2026-02-27T10:39:51.816,92,"[2.314509391784668, -2.930738925933838, -7.008354663848877, 0.011082692071795464, 0.04270249977707863, -0.0007189400494098663]","[-1.16290283203125, 1.5605919361114502, 3.6644644737243652, 0.02814396470785141, 0.017694508656859398, 0.0003768224560189992]"
2026-02-27T10:39:51.875,93,"[2.3399269580841064, -2.9104888439178467, -7.009344577789307, 0.011119895614683628, 0.04270172864198685, -0.0007765789632685483]","[-1.1631314754486084, 1.5600138902664185, 3.664003610610962, 0.028131404891610146, 0.017705176025629044, 0.00031358186970464885]"
2026-02-27T10:39:51.934,94,"[2.355276107788086, -2.8971948623657227, -7.009552478790283, 0.011179924011230469, 0.0426911786198616, -0.0008722162456251681]","[-1.1670260429382324, 1.5567514896392822, 3.663975715637207, 0.028122587129473686, 0.017715860158205032, 0.00023657291603740305]"
2026-02-27T10:39:51.994,95,"[2.3693490028381348, -2.885263442993164, -7.011013984680176, 0.011237604543566704, 0.04268839582800865, -0.0009928203653544188]","[-1.174487829208374, 1.551081895828247, 3.664768934249878, 0.028120992705225945, 0.017728332430124283, 0.00014945410657674074]"
2026-02-27T10:39:52.055,96,"[2.3766558170318604, -2.879129648208618, -7.01337194442749, 0.0112726129591465, 0.04269523173570633, -0.001092416001483798]","[-1.1892213821411133, 1.5403269529342651, 3.6667587757110596, 0.02813034877181053, 0.017743073403835297, 8.883596456144005e-05]"
2026-02-27T10:39:52.113,97,"[2.404074192047119, -2.855935573577881, -7.016116142272949, 0.011269809678196907, 0.04271049425005913, -0.0012343599228188396]","[-1.1950381994247437, 1.5363901853561401, 3.669041156768799, 0.0281410850584507, 0.017759911715984344, 1.589571184013039e-05]"
2026-02-27T10:39:52.172,98,"[2.4412031173706055, -2.8237457275390625, -7.0188703536987305, 0.011247017420828342, 0.042729053646326065, -0.0013420478207990527]","[-1.2035839557647705, 1.5300720930099487, 3.6712169647216797, 0.028152430430054665, 0.017773522064089775, -6.555696745635942e-05]"
2026-02-27T10:39:52.231,99,"[2.44887113571167, -2.8163537979125977, -7.021170139312744, 0.011225156486034393, 0.04274449497461319, -0.0014331666752696037]","[-1.2214267253875732, 1.5159586668014526, 3.6730127334594727, 0.02816423587501049, 0.017780784517526627, -0.0001025486271828413]"
2026-02-27T10:39:52.290,100,"[2.450805187225342, -2.8135201930999756, -7.022886276245117, 0.011206426657736301, 0.042755771428346634, -0.0015296869678422809]","[-1.2355877161026, 1.5039547681808472, 3.6739916801452637, 0.028170304372906685, 0.01778327487409115, -0.00016074914310593158]"
2026-02-27T10:39:52.348,101,"[2.464789628982544, -2.7993783950805664, -7.023723602294922, 0.011195303872227669, 0.04275965690612793, -0.0016558822244405746]","[-1.2394851446151733, 1.5001189708709717, 3.67472243309021, 0.028173573315143585, 0.017785411328077316, -0.00022619486844632775]"
2026-02-27T10:39:52.408,102,"[2.45468807220459, -2.8068692684173584, -7.0246262550354, 0.011200640350580215, 0.04276146739721298, -0.0017322961939498782]","[-1.2494289875030518, 1.4909908771514893, 3.674950361251831, 0.02817601151764393, 0.017781831324100494, -0.00027381954714655876]"
2026-02-27T10:39:52.468,103,"[2.4390134811401367, -2.8195316791534424, -7.025447368621826, 0.011207915842533112, 0.042762745171785355, -0.00177712959703058]","[-1.2567633390426636, 1.4843095541000366, 3.6751749515533447, 0.028179027140140533, 0.01777759939432144, -0.0002582274901214987]"
2026-02-27T10:39:52.527,104,"[2.441054105758667, -2.8165283203125, -7.025628089904785, 0.011213566176593304, 0.042760591953992844, -0.001843788311816752]","[-1.252659797668457, 1.4873911142349243, 3.6753294467926025, 0.028180578723549843, 0.017774933949112892, -0.0002550689096096903]"
2026-02-27T10:39:52.589,105,"[2.4236371517181396, -2.831188678741455, -7.026138782501221, 0.011233660392463207, 0.04275859147310257, -0.0018700588261708617]","[-1.2527164220809937, 1.4869905710220337, 3.6751139163970947, 0.02818119153380394, 0.01776847057044506, -0.00022215844364836812]"
2026-02-27T10:39:52.648,106,"[2.425819158554077, -2.828719139099121, -7.025893688201904, 0.01124582253396511, 0.042753707617521286, -0.0019171515014022589]","[-1.241782307624817, 1.496118426322937, 3.674994945526123, 0.028181424364447594, 0.01776501163840294, -0.0001708009367575869]"
2026-02-27T10:39:52.707,107,"[2.4134161472320557, -2.8390092849731445, -7.025296211242676, 0.011270278133451939, 0.042745087295770645, -0.0019424910424277186]","[-1.234712839126587, 1.5020045042037964, 3.674694061279297, 0.028181929141283035, 0.017759252339601517, -0.00011052979971282184]"
2026-02-27T10:39:52.768,108,"[2.3984313011169434, -2.852125883102417, -7.024966239929199, 0.011289832182228565, 0.04273974522948265, -0.0019446912920102477]","[-1.2268908023834229, 1.5088547468185425, 3.674696207046509, 0.02818523533642292, 0.017755165696144104, -2.140033757314086e-05]"
2026-02-27T10:39:52.827,109,"[2.3962316513061523, -2.8545594215393066, -7.024550914764404, 0.011303206905722618, 0.0427355021238327, -0.0019611099269241095]","[-1.2122818231582642, 1.5208308696746826, 3.674219846725464, 0.028183938935399055, 0.01775074377655983, 5.203258479014039e-05]"
2026-02-27T10:39:52.886,110,"[2.385324716567993, -2.864331007003784, -7.023647785186768, 0.011319534853100777, 0.04272818937897682, -0.001959617016837001]","[-1.2028717994689941, 1.528918981552124, 3.6742429733276367, 0.028187789022922516, 0.01774776540696621, 0.0001362111943308264]"
2026-02-27T10:39:52.945,111,"[2.3779425621032715, -2.871354341506958, -7.022699356079102, 0.011328790336847305, 0.042722247540950775, -0.0019459751201793551]","[-1.193359375, 1.536653757095337, 3.6736810207366943, 0.028187178075313568, 0.017742477357387543, 0.0002036296355072409]"
2026-02-27T10:39:53.005,112,"[2.372481107711792, -2.8768036365509033, -7.021664142608643, 0.011333108879625797, 0.042717039585113525, -0.0019338653655722737]","[-1.1831731796264648, 1.5448864698410034, 3.673194408416748, 0.02818678878247738, 0.01773858442902565, 0.0002666136424522847]"
2026-02-27T10:39:53.067,113,"[2.3587534427642822, -2.8889989852905273, -7.020144939422607, 0.011339960619807243, 0.042708560824394226, -0.0018742815591394901]","[-1.1813359260559082, 1.546513557434082, 3.6725025177001953, 0.028186125680804253, 0.017732178792357445, 0.000331024028128013]"
2026-02-27T10:39:53.129,114,"[2.363006591796875, -2.8863635063171387, -7.018972396850586, 0.011334424838423729, 0.042704567313194275, -0.0018603472271934152]","[-1.1707758903503418, 1.5549489259719849, 3.672004461288452, 0.028184641152620316, 0.01772998832166195, 0.0003503396874293685]"
2026-02-27T10:39:53.188,115,"[2.3531835079193115, -2.895569324493408, -7.018001079559326, 0.011329282075166702, 0.042701978236436844, -0.0017990540945902467]","[-1.1718101501464844, 1.5546143054962158, 3.671682357788086, 0.028186123818159103, 0.01772638037800789, 0.00038816677988506854]"
2026-02-27T10:39:53.248,116,"[2.3651490211486816, -2.8866043090820312, -7.017048358917236, 0.011313780210912228, 0.042700838297605515, -0.0017685364000499249]","[-1.161573886871338, 1.5626214742660522, 3.6711301803588867, 0.02818269468843937, 0.017725631594657898, 0.0003791097551584244]"
2026-02-27T10:39:53.307,117,"[2.3497912883758545, -2.90024733543396, -7.016294479370117, 0.011308780871331692, 0.04269922524690628, -0.001681034336797893]","[-1.1670693159103394, 1.5587960481643677, 3.6707849502563477, 0.02818341553211212, 0.01772257871925831, 0.00040952308336272836]"
2026-02-27T10:39:53.367,118,"[2.35799503326416, -2.893939733505249, -7.015440464019775, 0.011296350508928299, 0.04269777610898018, -0.001673015533015132]","[-1.159362554550171, 1.5649309158325195, 3.6705777645111084, 0.02818145416676998, 0.017724568024277687, 0.0003933502594009042]"
2026-02-27T10:39:53.426,119,"[2.346883773803711, -2.9036879539489746, -7.014801979064941, 0.01129376981407404, 0.042696040123701096, -0.0015771605540066957]","[-1.167184591293335, 1.559114933013916, 3.6700711250305176, 0.028179386630654335, 0.017721515148878098, 0.000396153045585379]"
2026-02-27T10:39:53.486,120,"[2.3514981269836426, -2.9002685546875, -7.01471471786499, 0.01128621306270361, 0.04269787669181824, -0.001589954481460154]","[-1.1628930568695068, 1.5626747608184814, 3.670189380645752, 0.028178907930850983, 0.017725475132465363, 0.0003784777654800564]"
2026-02-27T10:39:53.546,121,"[2.3464832305908203, -2.904582977294922, -7.014455318450928, 0.011286070570349693, 0.04269706457853317, -0.0015344700077548623]","[-1.1680911779403687, 1.5590333938598633, 3.67037296295166, 0.02818002551794052, 0.017727654427289963, 0.00036858502426184714]"
2026-02-27T10:39:53.607,122,"[2.3654544353485107, -2.8890039920806885, -7.014557361602783, 0.011280449107289314, 0.04269877076148987, -0.001557155861519277]","[-1.1626489162445068, 1.5632480382919312, 3.670454740524292, 0.028177602216601372, 0.017732536420226097, 0.0003222723607905209]"
2026-02-27T10:39:53.665,123,"[2.3658289909362793, -2.888465642929077, -7.014305114746094, 0.011289931833744049, 0.042695317417383194, -0.001495693693868816]","[-1.1706045866012573, 1.5570582151412964, 3.67026424407959, 0.028175121173262596, 0.01773272454738617, 0.0003040720184799284]"
2026-02-27T10:39:53.724,124,"[2.366523504257202, -2.8880348205566406, -7.0154218673706055, 0.01129237748682499, 0.042701613157987595, -0.0015301827806979418]","[-1.1725358963012695, 1.555749773979187, 3.6708180904388428, 0.028176700696349144, 0.01773824915289879, 0.0002836176718119532]"
2026-02-27T10:39:53.782,125,"[2.3648717403411865, -2.88907790184021, -7.015977382659912, 0.011302749626338482, 0.04270230978727341, -0.0015326549764722586]","[-1.1792309284210205, 1.5508557558059692, 3.671553373336792, 0.028180288150906563, 0.017743533477187157, 0.00025883709895424545]"
2026-02-27T10:39:53.842,126,"[2.3768701553344727, -2.87868070602417, -7.016766548156738, 0.011301298625767231, 0.04270631819963455, -0.001576246926560998]","[-1.179919719696045, 1.5502231121063232, 3.671966552734375, 0.028180040419101715, 0.01774851232767105, 0.00022184415138326585]"
2026-02-27T10:39:53.901,127,"[2.3844735622406006, -2.871945381164551, -7.017609596252441, 0.01130262017250061, 0.04271010681986809, -0.0015832536155357957]","[-1.185743808746338, 1.5456463098526, 3.6724557876586914, 0.02818128652870655, 0.017752304673194885, 0.00018272321904078126]"
2026-02-27T10:39:53.960,128,"[2.391040086746216, -2.865935802459717, -7.0185322761535645, 0.011301995255053043, 0.0427144393324852, -0.0016070011770352721]","[-1.1892017126083374, 1.5430495738983154, 3.673312187194824, 0.02818496897816658, 0.01775827258825302, 0.00014654548431281]"
2026-02-27T10:39:54.019,129,"[2.396245002746582, -2.8611207008361816, -7.019622802734375, 0.011299202218651772, 0.042720288038253784, -0.001632076920941472]","[-1.195878028869629, 1.5378443002700806, 3.6740753650665283, 0.02818884886801243, 0.017762355506420135, 0.00010774961992865428]"
2026-02-27T10:39:54.079,130,"[2.3972511291503906, -2.859487533569336, -7.020233631134033, 0.011298867873847485, 0.04272244870662689, -0.001656818320043385]","[-1.200965166091919, 1.5336796045303345, 3.6746156215667725, 0.028191007673740387, 0.01776546612381935, 9.100318857235834e-05]"
2026-02-27T10:39:54.138,131,"[2.40334153175354, -2.8534703254699707, -7.020648002624512, 0.011294654570519924, 0.0427241213619709, -0.0016801548190414906]","[-1.207032561302185, 1.5287244319915771, 3.675154209136963, 0.02819364331662655, 0.017767688259482384, 5.3835854487260804e-05]"
2026-02-27T10:39:54.198,132,"[2.4005532264709473, -2.8555283546447754, -7.02181339263916, 0.011290241964161396, 0.04273076355457306, -0.0017063893610611558]","[-1.211098313331604, 1.5254863500595093, 3.675870895385742, 0.028197752311825752, 0.017770828679203987, 5.033053457736969e-05]"
2026-02-27T10:39:54.256,133,"[2.41521954536438, -2.8420870304107666, -7.021905899047852, 0.011286219581961632, 0.0427304171025753, -0.0017435916233807802]","[-1.2101086378097534, 1.5261070728302002, 3.676323413848877, 0.028199298307299614, 0.01777358539402485, 3.6534497667162213e-06]"
2026-02-27T10:39:54.316,134,"[2.411057233810425, -2.8451316356658936, -7.0223069190979, 0.011288616806268692, 0.04273132234811783, -0.0017522928537800908]","[-1.2160146236419678, 1.5209294557571411, 3.676187753677368, 0.028198350220918655, 0.017771141603589058, -6.54825225865352e-06]"
2026-02-27T10:39:54.377,135,"[2.4072365760803223, -2.8479695320129395, -7.022641658782959, 0.011290792375802994, 0.04273202642798424, -0.0017611865187063813]","[-1.2174588441848755, 1.5196545124053955, 3.676452159881592, 0.028200022876262665, 0.01777137815952301, 4.380306393159117e-07]"
2026-02-27T10:39:54.435,136,"[2.4048068523406982, -2.849851131439209, -7.023068428039551, 0.01128955464810133, 0.04273417592048645, -0.001777947531081736]","[-1.2181637287139893, 1.5192828178405762, 3.6770172119140625, 0.028204310685396194, 0.017773140221834183, 1.171734129457036e-05]"
2026-02-27T10:39:54.494,137,"[2.4015212059020996, -2.8525755405426025, -7.02329683303833, 0.011294206604361534, 0.042734187096357346, -0.001776197925209999]","[-1.2193418741226196, 1.518479824066162, 3.6773927211761475, 0.028207870200276375, 0.017773360013961792, 1.4240432392398361e-05]"
2026-02-27T10:39:54.554,138,"[2.398007392883301, -2.855210542678833, -7.022911071777344, 0.011299449019134045, 0.04273050278425217, -0.0017812054138630629]","[-1.2168538570404053, 1.520378828048706, 3.6772565841674805, 0.028207218274474144, 0.017771881073713303, 4.3883759644813836e-05]"
2026-02-27T10:39:54.614,139,"[2.402062177658081, -2.8518896102905273, -7.022928237915039, 0.011298567056655884, 0.04273087531328201, -0.0017931194743141532]","[-1.2127481698989868, 1.52375328540802, 3.6772818565368652, 0.02820770815014839, 0.01777164451777935, 4.926001201965846e-05]"
2026-02-27T10:39:54.677,140,"[2.3990821838378906, -2.8547072410583496, -7.022853851318359, 0.01130097545683384, 0.04273035377264023, -0.0017880024388432503]","[-1.2097383737564087, 1.5264222621917725, 3.6774404048919678, 0.028209829702973366, 0.017771584913134575, 7.486555841751397e-05]"
2026-02-27T10:39:54.735,141,"[2.4012625217437744, -2.853086233139038, -7.0225911140441895, 0.011303337290883064, 0.04272879287600517, -0.0018004755256697536]","[-1.204545021057129, 1.5306580066680908, 3.677283763885498, 0.02820933796465397, 0.017770620062947273, 9.373321518069133e-05]"
2026-02-27T10:39:54.794,142,"[2.3868563175201416, -2.866102933883667, -7.022815704345703, 0.011308606714010239, 0.042730219662189484, -0.0017683495534583926]","[-1.2063796520233154, 1.529667854309082, 3.677536964416504, 0.028213560581207275, 0.017769858241081238, 0.00013409968232735991]"
2026-02-27T10:39:54.854,143,"[2.392775297164917, -2.8612658977508545, -7.022064685821533, 0.011309076100587845, 0.042726319283246994, -0.0017770990962162614]","[-1.1984169483184814, 1.5361570119857788, 3.6773855686187744, 0.02821282669901848, 0.01776994578540325, 0.00015257632185239345]"
2026-02-27T10:39:54.915,144,"[2.3846380710601807, -2.8685805797576904, -7.02151346206665, 0.01131128054112196, 0.0427236407995224, -0.0017507217125967145]","[-1.1993069648742676, 1.5357455015182495, 3.6772820949554443, 0.028214288875460625, 0.017767932265996933, 0.00018657816690392792]"
2026-02-27T10:39:54.976,145,"[2.3916542530059814, -2.8632335662841797, -7.021169662475586, 0.011309796944260597, 0.04272287338972092, -0.001757631660439074]","[-1.1907309293746948, 1.5428085327148438, 3.677279233932495, 0.028214527294039726, 0.017769303172826767, 0.00018800864927470684]"
2026-02-27T10:39:55.039,146,"[2.3867011070251465, -2.868060350418091, -7.02089262008667, 0.011306995525956154, 0.042723096907138824, -0.0017420449294149876]","[-1.1909329891204834, 1.5431153774261475, 3.677427291870117, 0.028217533603310585, 0.017769288271665573, 0.0002213191764894873]"
2026-02-27T10:39:55.103,147,"[2.3913397789001465, -2.864553928375244, -7.020279884338379, 0.011304769665002823, 0.04272088408470154, -0.001734730671159923]","[-1.185506820678711, 1.5473600625991821, 3.676953077316284, 0.028214499354362488, 0.01776798442006111, 0.00022348290076479316]"
2026-02-27T10:39:55.167,148,"[2.388836145401001, -2.86728572845459, -7.0199456214904785, 0.011306561529636383, 0.04271971806883812, -0.0017078049713745713]","[-1.1848119497299194, 1.548166275024414, 3.6768245697021484, 0.02821468561887741, 0.017767347395420074, 0.00023408680863212794]"
2026-02-27T10:39:55.581,149,"[0.0, 0.0, 0.0, 0.0, 0.0, 0.0]","[0.0, 0.0, 0.0, 0.0, 0.0, 0.0]"
2026-02-27T10:39:55.638,150,"[0.0009904681937769055, 0.0007261158316396177, 0.0017721328185871243, -1.7538749830237066e-07, 2.510080676643156e-08, -1.4392194991330598e-08]","[0.0014012681785970926, 0.0004471449356060475, 0.001750709256157279, -1.3818269906096248e-07, 7.983049954418675e-08, -1.4622616895110241e-08]"
2026-02-27T10:39:55.694,151,"[0.0013657313538715243, 0.0005373943131417036, 0.000889648508746177, -1.129878128836026e-07, 1.9544867768672702e-07, 3.024406558527204e-10]","[0.0012855995446443558, 0.00037343884469009936, 0.000931437243707478, -9.126438982320906e-08, 1.8460582396073733e-07, -6.696821430729472e-10]"
2026-02-27T10:39:55.751,152,"[0.0014964003348723054, 0.00027023255825042725, 0.00017086473235394806, 1.4142940152339634e-08, 2.0215206575358025e-07, 2.7532541935215704e-07]","[0.001473471405915916, 0.00044376609730534256, 0.0002276225422974676, -9.076911666738852e-09, 1.9885290214460838e-07, 2.7600148655437806e-07]"
2026-02-27T10:39:55.811,153,"[-0.00021001127606723458, 0.00022841483587399125, 0.00014534316142089665, 4.122910457482476e-09, -2.3030057860751185e-08, -2.0532963773689517e-08]","[-0.00020838907221332192, 0.0004013204306829721, 0.00019063489162363112, -1.8984961158707847e-08, -2.301769264079212e-08, -1.9749887059106186e-08]"
2026-02-27T10:39:55.869,154,"[-0.00028965112869627774, 0.00020851066801697016, 0.00012890044308733195, -9.669900435937961e-09, -3.5749845750387976e-08, -2.9665653045185536e-08]","[-0.0002923957654275, 0.0003178041079081595, 0.00015557237202301621, -2.427054823783692e-08, -3.623527788931824e-08, -2.9175648563750656e-08]"
2026-02-27T10:39:55.931,155,"[-0.000307550304569304, 0.00020766064699273556, 0.0001392548729199916, -2.900609707978674e-08, -3.1800606592469194e-08, -2.958860889634707e-08]","[-0.00034255930222570896, 0.00024046216276474297, 0.00016275154484901577, -3.342497834069036e-08, -3.65630974386022e-08, -2.9521599387294373e-08]"
2026-02-27T10:39:55.992,156,"[-0.0003362743300385773, 0.00020722871704492718, 0.0001073670937330462, -3.849385166176944e-08, -2.7467773833222964e-08, -3.1164699265673335e-08]","[-0.0004049509880132973, 0.00019766821060329676, 0.00012958850129507482, -3.727624786620254e-08, -3.670233894581543e-08, -3.1371488518061597e-08]"
2026-02-27T10:39:56.056,157,"[-0.00037528324173763394, 0.00021249808196444064, 3.587632818380371e-05, -3.824193939294673e-08, -2.730130432837541e-08, -3.347601307268633e-08]","[-0.00046368190669454634, 0.00019702757708728313, 5.371955194277689e-05, -3.622922761792324e-08, -3.913927315579713e-08, -3.3758080775214694e-08]"
2026-02-27T10:39:56.116,158,"[-0.00041056706686504185, 0.00023466345737688243, -5.2416366088436916e-05, -3.364479894685246e-08, -3.116624469612361e-08, -3.4770700096942164e-08]","[-0.0005002417601644993, 0.0002372531744185835, -4.069858914590441e-05, -3.4021084616142616e-08, -4.31463647032615e-08, -3.497427059073743e-08]"
2026-02-27T10:39:56.173,159,"[-0.000437877606600523, 0.00027955661062151194, -0.00014002114767208695, -2.892049977276656e-08, -3.8680255443068745e-08, -3.4376807178659874e-08]","[-0.0005107654724270105, 0.0003137652820441872, -0.00013398351438809186, -3.3490298534388785e-08, -4.8402167607264346e-08, -3.4395696957290056e-08]"
2026-02-27T10:39:56.231,160,"[-0.00044758248259313405, 0.000345645152265206, -0.00021029936033301055, -2.7060407248313822e-08, -4.8097842153538295e-08, -3.1478680995178365e-08]","[-0.00048756919568404555, 0.00041459480416961014, -0.00020768953254446387, -3.624423072778882e-08, -5.342843678590725e-08, -3.1258473143225274e-08]"
2026-02-27T10:39:56.288,161,"[-0.0004310429794713855, 0.00043364247540012, -0.0002423853293294087, -3.164818096479394e-08, -5.63134676667687e-08, -2.50696459147548e-08]","[-0.0004292470111977309, 0.0005276058218441904, -0.000243285670876503, -4.415107213162628e-08, -5.607112640859668e-08, -2.4631988893020207e-08]"
2026-02-27T10:39:56.346,162,"[-0.0003854961832985282, 0.0005380357033573091, -0.00024003609723877162, -4.297423927823729e-08, -5.99377401044876e-08, -1.6378914224901564e-08]","[-0.0003445077745709568, 0.00064227165421471, -0.0002459548704791814, -5.683090975594496e-08, -5.4460240761500245e-08, -1.5797002816952954e-08]"
2026-02-27T10:39:56.403,163,"[-0.0003411727084312588, 0.0006759109091944993, -0.0002825128904078156, -5.763200050523665e-08, -6.1211316904064e-08, -8.195493172991064e-09]","[-0.0002692301059141755, 0.0007950258441269398, -0.00028111724532209337, -7.348774033744121e-08, -5.164935856782904e-08, -7.469463270126653e-09]"
2026-02-27T10:39:56.461,164,"[-0.00014334921434056014, 0.0008010053425095975, -0.00024371941981371492, -8.254591676859491e-08, -4.366126660215741e-08, 2.0766441011232928e-08]","[-3.321500844322145e-05, 0.0008917902014218271, -0.00024055481480900198, -9.463747119298205e-08, -2.902724993703032e-08, 2.1457569943095223e-08]"
2026-02-27T10:39:56.519,165,"[2.1647296932769677e-07, 0.0009045539190992713, -0.00021312941680662334, -1.0593187482754729e-07, -2.5792211033603962e-08, 1.9065002021534383e-08]","[0.00011594222451094538, 0.0009594234870746732, -0.00020782869250979275, -1.132516089796809e-07, -1.0423725882446888e-08, 1.960616735630083e-08]"
2026-02-27T10:39:56.576,166,"[0.0001969983713934198, 0.0009729379671625793, -0.00020329109975136817, -1.2172995411674492e-07, 1.2035284990830064e-09, 3.146486804439519e-08]","[0.00030998658621683717, 0.0010023644426837564, -0.0001963717513717711, -1.256698425322611e-07, 1.620124479018159e-08, 3.18801411935965e-08]"
2026-02-27T10:39:56.632,167,"[0.0004261464055161923, 0.001017397502437234, -0.00019673153292387724, -1.3338255655526154e-07, 3.277239457588621e-08, 5.9256485940295534e-08]","[0.0005341432406567037, 0.001024251221679151, -0.00018864107551053166, -1.343231019745872e-07, 4.7101693212425744e-08, 5.955199000595712e-08]"
2026-02-27T10:39:56.690,168,"[0.0005716201849281788, 0.0010228775208815932, -0.00017903190746437758, -1.3980447022277076e-07, 5.4012769368227964e-08, 6.588749812408423e-08]","[0.0006663092062808573, 0.0010066274553537369, -0.00016995205078274012, -1.3767422046839783e-07, 6.65680488509679e-08, 6.604201274740262e-08]"
2026-02-27T10:39:56.746,169,"[0.0008320976630784571, 0.0010890078265219927, -0.00012380722910165787, -1.5707088607541664e-07, 8.857415423335624e-08, 1.3468279291828367e-07]","[0.0009196093888022006, 0.0010410553077235818, -0.00011434948828537017, -1.507239346665301e-07, 1.0017370755122101e-07, 1.3467044368553616e-07]"
2026-02-27T10:39:56.804,170,"[3.215572360204533e-05, 0.0005596503033302724, -0.00016216201765928417, -7.169189331079906e-08, -1.35288731328842e-08, -1.685965855813265e-07]","[9.749037417350337e-05, 0.0005669196252711117, -0.0001568229345139116, -7.267843926683781e-08, -4.86261608756422e-09, -1.6839773309129669e-07]"
2026-02-27T10:39:56.860,171,"[-0.00010731031215982512, 0.0004937734920531511, -0.00020315499568823725, -5.3903058017112926e-08, -3.1422377588796735e-08, -1.5339129788571881e-07]","[-7.198582352430094e-06, 0.0005409930017776787, -0.00019608518050517887, -6.020830056741033e-08, -1.8138772261977465e-08, -1.5292216914986057e-07]"
2026-02-27T10:39:56.917,172,"[9.197570761898533e-06, 0.0007564252009615302, -0.0001725641923258081, -9.734581141174203e-08, -3.5714222690330644e-09, -1.9934617512262776e-08]","[9.833045623963699e-05, 0.0007765803020447493, -0.00015918830467853695, -1.0006740325252395e-07, 8.224041003757065e-09, -1.9616631874441737e-08]"
2026-02-27T10:39:56.975,173,"[3.232111339457333e-05, 0.0008706972585059702, -7.098097557900473e-05, -1.2615947753147339e-07, 8.01282062923292e-09, 5.070198128009906e-08]","[9.570062684360892e-05, 0.0008509106119163334, -5.4161213483894244e-05, -1.2357507728211203e-07, 1.636746382871479e-08, 5.077597009517376e-08]"
2026-02-27T10:39:57.034,174,"[-0.00012530232197605073, 0.0008576017571613193, 2.6994706786354072e-05, -1.3059283787697495e-07, -2.003337762346291e-08, 4.671639075581879e-08]","[-3.692185418913141e-05, 0.0008356629987247288, 4.950977745465934e-05, -1.277338839145159e-07, -8.379806182290395e-09, 4.684848775582395e-08]"
2026-02-27T10:39:57.095,175,"[0.0011600622674450278, 0.0019501250935718417, 0.018647458404302597, -3.9665414419687295e-07, 2.2089547258019593e-07, 2.9185662242525723e-07]","[0.0008369950810447335, 0.0014130030758678913, -0.0006059069419279695, -2.75896155699229e-07, 2.638845444380422e-07, 2.8861168743787857e-07]"
2026-02-27T10:39:57.155,176,"[0.00046691010356880724, 0.0006726222927682102, -0.004558556713163853, -3.433585504808434e-08, 2.2922861830920738e-07, -2.2589229331515526e-07]","[-0.00024069201026577502, 0.000795079511590302, 0.0005554382805712521, -6.371569583052406e-08, 1.1228710405930542e-07, -2.2715006764428836e-07]"
2026-02-27T10:39:57.214,177,"[0.0006869666394777596, 0.0009626455139368773, -0.0007409908575937152, -1.2463479492907936e-07, 1.366436634953061e-07, 4.6797392627695444e-09]","[0.0006149093969725072, 0.0010101574007421732, 0.0004904814413748682, -1.340991246934209e-07, 1.2156300499555073e-07, 4.693038846426134e-09]"
2026-02-27T10:39:57.277,178,"[5.320223135640845e-05, 0.0004918950726278126, -0.0006853979430161417, -5.615896370159135e-08, -1.211644757859176e-07, -1.3889750460904793e-09]","[0.0005354143213480711, 0.000529764627572149, 4.390492449601879e-06, -6.29648084782275e-08, -6.010954223256704e-08, 2.508103533888084e-12]"
2026-02-27T10:39:57.340,179,"[-4.860030651092529, 1.4792760610580444, -30.259300231933594, 0.027107449248433113, 0.1958402842283249, -0.0979514941573143]","[0.011772729456424713, -0.008475922048091888, 0.05287184566259384, 0.00038676155963912606, -0.000227021737373434, 5.0988302973564714e-05]"
2026-02-27T10:39:57.400,180,"[-8.409822463989258, 5.634418487548828, -42.87160873413086, -0.14017266035079956, 0.06422223895788193, -0.0037833296228200197]","[0.010197430849075317, -0.0013466725358739495, -5.6218930694740266e-05, 5.529810209736752e-07, 2.6445839012012584e-06, -6.231980478332844e-07]"
2026-02-27T10:39:57.462,181,"[-10.126940727233887, 6.363929748535156, -46.161006927490234, -0.1552572101354599, 0.04517915099859238, 0.006129143759608269]","[0.00042187963845208287, 0.026965303346514702, 0.02237786166369915, 7.575606286991388e-05, 0.00019963222439400852, -1.9745361896639224e-06]"
2026-02-27T10:39:57.525,182,"[-10.346467018127441, 6.475350379943848, -46.361167907714844, -0.15667353570461273, 0.04289598762989044, 0.008508949540555477]","[1.2194899454698316e-06, 0.02634849213063717, -0.0022373306564986706, -7.063507837301586e-06, 2.3893892375781434e-07, 2.2768053895561025e-06]"
2026-02-27T10:39:57.586,183,"[-10.242292404174805, 6.665480136871338, -46.381103515625, -0.15691739320755005, 0.04201792925596237, 0.007259403821080923]","[-0.006633404176682234, 0.024889595806598663, 0.0019390126690268517, 8.07908691058401e-06, 3.403953087399714e-05, 9.112481507145276e-07]"
2026-02-27T10:39:57.649,184,"[-9.842267036437988, 6.850643157958984, -46.51448059082031, -0.15766765177249908, 0.040184810757637024, 0.002456543268635869]","[-0.025721751153469086, 0.02793574146926403, 0.05984862893819809, 0.00020606057660188526, 0.0005105773452669382, -8.537066605640575e-06]"
2026-02-27T10:39:57.708,185,"[-9.514580726623535, 6.97539758682251, -46.551795959472656, -0.15740150213241577, 0.03989415243268013, 0.004060159437358379]","[-0.0535195954144001, 0.027335315942764282, 0.09425467997789383, 0.0003280985401943326, 0.0008009522571228445, -4.444465503183892e-06]"
2026-02-27T10:39:57.770,186,"[-9.429900169372559, 7.224704742431641, -46.40217971801758, -0.1569429188966751, 0.03971052169799805, 0.006445600185543299]","[-0.06585568934679031, 0.01678074710071087, 0.10664844512939453, 0.00037420596345327795, 0.0009038206771947443, 3.123619080724893e-06]"
2026-02-27T10:39:57.833,187,"[-9.688119888305664, 7.079700946807861, -46.30465316772461, -0.15926659107208252, 0.04332902655005455, -0.00021079040016047657]","[-0.140140563249588, 0.020576437935233116, 0.22442221641540527, 0.0007883702637627721, 0.0018934204708784819, 1.6590134691796266e-05]"
2026-02-27T10:39:57.894,188,"[-9.75113296508789, 7.251579761505127, -45.95325469970703, -0.1567075550556183, 0.04586300998926163, -0.0007406622753478587]","[-0.1165427416563034, 0.0016992115415632725, 0.1842065006494522, 0.0006520695751532912, 0.0015536152059212327, 2.1873667719773948e-05]"
2026-02-27T10:39:57.956,189,"[-9.848978042602539, 7.456548690795898, -45.71052932739258, -0.15504762530326843, 0.0475139319896698, -0.0030471584759652615]","[-0.09624191373586655, -0.010378536768257618, 0.15326255559921265, 0.0005454152124002576, 0.0012914935359731317, 2.566428702266421e-05]"
2026-02-27T10:39:58.014,190,"[-9.884781837463379, 7.598100185394287, -45.47876739501953, -0.15349404513835907, 0.04914943128824234, -0.003990652970969677]","[-0.06873497366905212, -0.014560902491211891, 0.11154703795909882, 0.00039871170883998275, 0.0009389829938299954, 2.4046039470704272e-05]"
2026-02-27T10:39:58.073,191,"[-9.71440315246582, 7.739980697631836, -45.12285614013672, -0.15151794254779816, 0.051810815930366516, -0.00696794968098402]","[-0.048612747341394424, -0.01389232836663723, 0.08096695691347122, 0.00029023518436588347, 0.0006796397501602769, 1.948251883732155e-05]"
2026-02-27T10:39:58.132,192,"[-13.602837562561035, 6.568310737609863, -45.0012092590332, -0.18548835813999176, 0.24288398027420044, -0.005702887661755085]","[-0.014756406657397747, -0.005318380426615477, -0.0013372779358178377, 1.4779913044549176e-06, -3.875108632200863e-06, 6.917804995509869e-08]"
2026-02-27T10:39:58.192,193,"[-9.993453025817871, 6.928329944610596, -44.679622650146484, -0.16555757820606232, 0.05299115553498268, -0.0226350799202919]","[-0.419450581073761, -0.13003727793693542, 0.7168604731559753, 0.0025783951859921217, 0.005984320770949125, 0.00016085304378066212]"
2026-02-27T10:39:58.254,194,"[-10.065750122070312, 6.708877086639404, -44.40757369995117, -0.1634969264268875, 0.0556725412607193, -0.01876046508550644]","[-0.388219952583313, -0.13972075283527374, 0.6682365536689758, 0.0024094099644571543, 0.005585759412497282, 0.000272942241281271]"
2026-02-27T10:39:58.314,195,"[-10.418257713317871, 6.1910786628723145, -44.343894958496094, -0.16343113780021667, 0.05615786463022232, -0.012386900372803211]","[-0.36756500601768494, -0.12670867145061493, 0.6368584632873535, 0.0022830795496702194, 0.005308548919856548, 0.0002749394334387034]"
2026-02-27T10:39:58.375,196,"[-10.586634635925293, 5.872313976287842, -44.34867477416992, -0.1638614386320114, 0.055963966995477676, -0.004305844195187092]","[-0.3693043291568756, -0.11100339889526367, 0.6378380060195923, 0.0022707919124513865, 0.00530618941411376, 0.00023854248865973204]"
2026-02-27T10:39:58.436,197,"[-10.604642868041992, 5.473444938659668, -44.44325256347656, -0.16452571749687195, 0.056046515703201294, -0.003030069638043642]","[-0.3833564221858978, -0.07479304820299149, 0.6482110619544983, 0.0022943748626857996, 0.0053880768828094006, 0.00013863350613974035]"
2026-02-27T10:39:58.495,198,"[-10.635193824768066, 5.065362930297852, -44.57162094116211, -0.1655491292476654, 0.055550362914800644, -0.009134487248957157]","[-0.4040523171424866, -0.06381884217262268, 0.6825684309005737, 0.0023970596957951784, 0.005671883001923561, 0.00013323999883141369]"
2026-02-27T10:39:58.557,199,"[-10.568607330322266, 4.709220886230469, -44.71266555786133, -0.1662764549255371, 0.05492115393280983, -0.010974986478686333]","[-0.42398709058761597, 0.006660799030214548, 0.7008119225502014, 0.0024361161049455404, 0.0058432333171367645, 8.223355689551681e-05]"
2026-02-27T10:39:58.624,200,"[-10.473966598510742, 4.498322010040283, -44.793399810791016, -0.1674036681652069, 0.05336442589759827, -0.019547825679183006]","[-0.43434369564056396, 0.11400676518678665, 0.7309055924415588, 0.002508463803678751, 0.0061281160451471806, 6.819859663664829e-06]"
2026-02-27T10:39:58.685,201,"[-10.414236068725586, 4.376880168914795, -44.886260986328125, -0.16824971139431, 0.051718734204769135, -0.01860847882926464]","[-0.40856850147247314, 0.22332492470741272, 0.7511785626411438, 0.0025382316671311855, 0.006331651471555233, -4.4122883991803974e-05]"
2026-02-27T10:39:58.751,202,"[-10.332855224609375, 4.324172496795654, -44.987125396728516, -0.16893406212329865, 0.0503588542342186, -0.01665322482585907]","[-0.3832072913646698, 0.2923601567745209, 0.7747586965560913, 0.0025843626353889704, 0.006555525120347738, -8.07161777629517e-05]"
2026-02-27T10:39:58.815,203,"[-9.184417724609375, 3.952692747116089, -43.756492614746094, -0.17152100801467896, 0.02441323548555374, -0.14897890388965607]","[-0.05524082109332085, 0.12808285653591156, 1.6001306772232056, 0.005085614509880543, 0.013169660232961178, 0.006852000020444393]"
2026-02-27T10:39:58.878,204,"[-8.260437965393066, 5.888723850250244, -44.910037994384766, -0.11813494563102722, -0.0268805380910635, -0.06142416596412659]","[-0.9500846266746521, 0.4534793198108673, 1.7120778560638428, 0.003403677837923169, 0.015092654153704643, -0.0002355288015678525]"
2026-02-27T10:39:58.945,205,"[-8.300084114074707, 5.619198799133301, -45.05763626098633, -0.1181434690952301, -0.028461357578635216, -0.06117578223347664]","[-0.9811123013496399, 0.361266165971756, 1.7012076377868652, 0.0033630277030169964, 0.014998218975961208, -0.00022906398226041347]"
2026-02-27T10:39:59.012,206,"[-8.359392166137695, 5.453517913818359, -45.16071319580078, -0.11815790086984634, -0.029707053676247597, -0.060827989131212234]","[-0.9991541504859924, 0.3230464458465576, 1.7053016424179077, 0.0033303392119705677, 0.015050767920911312, -0.00023554908693768084]"
2026-02-27T10:39:59.079,207,"[-8.409263610839844, 5.4427690505981445, -45.274391174316406, -0.11826349049806595, -0.031016115099191666, -0.060308799147605896]","[-1.0170000791549683, 0.28870710730552673, 1.7152780294418335, 0.003310653381049633, 0.015150883235037327, -0.00023821373179089278]"
2026-02-27T10:39:59.143,208,"[-7.882017135620117, 5.919581413269043, -45.357269287109375, -0.10114210098981857, -0.05750253424048424, -0.059866469353437424]","[-1.0394340753555298, 0.24738648533821106, 1.733109474182129, 0.003321900963783264, 0.01531436201184988, -0.00024152349215000868]"
2026-02-27T10:39:59.204,209,"[-8.502872467041016, 5.6701579093933105, -45.47073745727539, -0.11853037029504776, -0.03313537687063217, -0.05925481766462326]","[-1.0413997173309326, 0.25536051392555237, 1.736444354057312, 0.0033116228878498077, 0.015354547649621964, -0.00024128146469593048]"
2026-02-27T10:39:59.267,210,"[-8.560430526733398, 5.7989583015441895, -45.506290435791016, -0.11858657002449036, -0.033499930053949356, -0.05888405442237854]","[-1.0536742210388184, 0.22850194573402405, 1.746134638786316, 0.0033380130771547556, 0.015438344329595566, -0.00023336616868618876]"
2026-02-27T10:39:59.328,211,"[-8.628775596618652, 5.907912731170654, -45.54636764526367, -0.11864088475704193, -0.03385557606816292, -0.05871050804853439]","[-1.0514922142028809, 0.24706041812896729, 1.747403621673584, 0.0033497903496026993, 0.015452384948730469, -0.00022063107462599874]"
2026-02-27T10:39:59.389,212,"[-8.69318675994873, 5.992299556732178, -45.57996368408203, -0.1186906024813652, -0.03407875448465347, -0.05866545811295509]","[-1.039941668510437, 0.2856864035129547, 1.7429410219192505, 0.003353256732225418, 0.015415261499583721, -0.0002040134568233043]"
2026-02-27T10:39:59.450,213,"[-8.726663589477539, 6.065203666687012, -45.60840606689453, -0.11890750378370285, -0.03470849245786667, -0.05423867702484131]","[-1.0180270671844482, 0.34062328934669495, 1.7342809438705444, 0.0033483016304671764, 0.015339174307882786, -0.00018875551177188754]"
2026-02-27T10:39:59.514,214,"[-8.747607231140137, 6.114880561828613, -45.638267517089844, -0.11896199733018875, -0.034660227596759796, -0.05317102000117302]","[-0.9886269569396973, 0.3972513973712921, 1.7223533391952515, 0.003338398179039359, 0.01523108221590519, -0.00017971466877497733]"
2026-02-27T10:39:59.574,215,"[-8.723938941955566, 6.16539192199707, -45.66865921020508, -0.11901746690273285, -0.03454125300049782, -0.0530594140291214]","[-0.9592295289039612, 0.44305118918418884, 1.7099567651748657, 0.003331021871417761, 0.015116533264517784, -0.00018128144438378513]"
2026-02-27T10:39:59.636,216,"[-8.673545837402344, 6.2106804847717285, -45.695037841796875, -0.11908150464296341, -0.034435171633958817, -0.0540090836584568]","[-0.9343705773353577, 0.4726811647415161, 1.6964216232299805, 0.0033249594271183014, 0.01499098539352417, -0.00018040667055174708]"
2026-02-27T10:39:59.697,217,"[-8.6175537109375, 6.255957126617432, -45.714881896972656, -0.11914150416851044, -0.03432147577404976, -0.05524324253201485]","[-0.9136179685592651, 0.4908604025840759, 1.681809425354004, 0.003317507216706872, 0.014855477958917618, -0.0001773529511410743]"
2026-02-27T10:39:59.759,218,"[-8.555445671081543, 6.297914981842041, -45.71534729003906, -0.11916913092136383, -0.03408626466989517, -0.05645902454853058]","[-0.8980035781860352, 0.4979245364665985, 1.6665489673614502, 0.0033079644199460745, 0.014713761396706104, -0.00017009068687912077]"
2026-02-27T10:39:59.818,219,"[-8.499678611755371, 6.337207317352295, -45.71424865722656, -0.11920156329870224, -0.033827994018793106, -0.05730409920215607]","[-0.8858709335327148, 0.49841874837875366, 1.6515822410583496, 0.003296010661870241, 0.01457369513809681, -0.00015980425814632326]"
2026-02-27T10:39:59.877,220,"[-8.465262413024902, 6.372953414916992, -45.701255798339844, -0.11921568214893341, -0.03346056863665581, -0.057813964784145355]","[-0.8779104351997375, 0.4913000464439392, 1.6368728876113892, 0.003281649900600314, 0.014434775337576866, -0.00014581313007511199]"
2026-02-27T10:39:59.937,221,"[-7.9035868644714355, 6.753823757171631, -45.63299560546875, -0.10221537947654724, -0.05869322642683983, -0.05838259309530258]","[-0.8787238001823425, 0.4758653938770294, 1.628311276435852, 0.0032777097076177597, 0.014349215663969517, -0.0001288089551962912]"
2026-02-27T10:39:59.995,222,"[-8.458044052124023, 6.44048547744751, -45.685707092285156, -0.11925821751356125, -0.03269563242793083, -0.058475155383348465]","[-0.8419399857521057, 0.5088250637054443, 1.6112579107284546, 0.0032375031150877476, 0.014183269813656807, -0.00013170484453439713]"
2026-02-27T10:40:00.054,223,"[-8.47917366027832, 6.45756196975708, -45.633121490478516, -0.11920593678951263, -0.031927887350320816, -0.05940958485007286]","[-0.8586838841438293, 0.4694434106349945, 1.6036183834075928, 0.0032351380214095116, 0.014107611030340195, -0.00010598297376418486]"
2026-02-27T10:40:00.112,224,"[-8.5011625289917, 6.472868919372559, -45.60976791381836, -0.11919216066598892, -0.03143041208386421, -0.06093795597553253]","[-0.8498320579528809, 0.46903979778289795, 1.5953205823898315, 0.003216913901269436, 0.01402316801249981, -9.369858889840543e-05]"
2026-02-27T10:40:00.175,225,"[-8.525200843811035, 6.487153053283691, -45.595855712890625, -0.11920826137065887, -0.03112112544476986, -0.06271740794181824]","[-0.8405933380126953, 0.47080057859420776, 1.5880578756332397, 0.0031982618384063244, 0.013949142768979073, -8.144160528900102e-05]"
2026-02-27T10:40:00.234,226,"[-8.541980743408203, 6.498064041137695, -45.5838623046875, -0.11924413591623306, -0.030987121164798737, -0.06423387676477432]","[-0.8293418288230896, 0.47786152362823486, 1.5823273658752441, 0.0031796947587281466, 0.013889897614717484, -6.955472781555727e-05]"
2026-02-27T10:40:00.294,227,"[-8.554570198059082, 6.507889747619629, -45.572330474853516, -0.11928199231624603, -0.030986856669187546, -0.06512957066297531]","[-0.8203209638595581, 0.48295849561691284, 1.5776076316833496, 0.003162827342748642, 0.013841383159160614, -5.7037606893572956e-05]"
2026-02-27T10:40:00.354,228,"[-8.566944122314453, 6.515126705169678, -45.56015396118164, -0.11932207643985748, -0.031065043061971664, -0.06528736650943756]","[-0.8108067512512207, 0.49056121706962585, 1.5742243528366089, 0.0031475790310651064, 0.013805868104100227, -4.7185589210130274e-05]"
2026-02-27T10:40:00.415,229,"[-8.579014778137207, 6.520910739898682, -45.54877471923828, -0.11936239898204803, -0.03118864819407463, -0.06486445665359497]","[-0.8032872676849365, 0.4978965222835541, 1.5730712413787842, 0.003136986866593361, 0.013791199773550034, -4.0133196307579055e-05]"
2026-02-27T10:40:00.473,230,"[-8.590361595153809, 6.526233196258545, -45.53908920288086, -0.11939819157123566, -0.03133952245116234, -0.06407788395881653]","[-0.797579824924469, 0.5041125416755676, 1.5730280876159668, 0.003129085060209036, 0.013787469826638699, -3.554243085091002e-05]"
2026-02-27T10:40:00.533,231,"[-8.601581573486328, 6.530839443206787, -45.53133010864258, -0.11943011730909348, -0.03147856518626213, -0.0631648376584053]","[-0.793204665184021, 0.5093902945518494, 1.5735734701156616, 0.003122897818684578, 0.01378999836742878, -3.3217580494238064e-05]"
2026-02-27T10:40:00.591,232,"[-8.607195854187012, 6.537063121795654, -45.526065826416016, -0.11946545541286469, -0.031614337116479874, -0.062337473034858704]","[-0.7906486392021179, 0.5137916803359985, 1.5754114389419556, 0.003119964152574539, 0.013804714195430279, -3.317728987894952e-05]"
2026-02-27T10:40:00.650,233,"[-8.61591911315918, 6.539498329162598, -45.520416259765625, -0.1194840669631958, -0.0317159928381443, -0.06159545108675957]","[-0.7890302538871765, 0.5176263451576233, 1.577673077583313, 0.0031183362007141113, 0.013823878020048141, -3.400462446734309e-05]"
2026-02-27T10:40:00.709,234,"[-8.622346878051758, 6.541459083557129, -45.517333984375, -0.11950548738241196, -0.03181322664022446, -0.0610126368701458]","[-0.7875776886940002, 0.5217674970626831, 1.5802417993545532, 0.003117647022008896, 0.01384630799293518, -3.57893222826533e-05]"
2026-02-27T10:40:00.768,235,"[-8.63205337524414, 6.540211200714111, -45.51258850097656, -0.11950910091400146, -0.03187676519155502, -0.0604739785194397]","[-0.785875678062439, 0.5261805653572083, 1.58257257938385, 0.0031169005669653416, 0.01386686135083437, -4.034429002786055e-05]"
2026-02-27T10:40:00.827,236,"[-8.635128021240234, 6.540986061096191, -45.51152038574219, -0.11951879411935806, -0.031948965042829514, -0.060181230306625366]","[-0.7868797779083252, 0.5276166796684265, 1.5853271484375, 0.0031182270031422377, 0.013891886919736862, -4.308005372877233e-05]"
2026-02-27T10:40:00.887,237,"[-8.640169143676758, 6.53997802734375, -45.50967788696289, -0.11951825767755508, -0.03200101852416992, -0.05990688130259514]","[-0.7874951958656311, 0.5296878218650818, 1.5880894660949707, 0.0031199029181152582, 0.013917121104896069, -4.755119516630657e-05]"
2026-02-27T10:40:00.949,238,"[-8.64495849609375, 6.538380146026611, -45.50822830200195, -0.11951300501823425, -0.03205106034874916, -0.05972473695874214]","[-0.7890688180923462, 0.5300361514091492, 1.5902694463729858, 0.0031213629990816116, 0.013937477953732014, -5.1244325732113793e-05]"
2026-02-27T10:40:01.009,239,"[-8.649145126342773, 6.536741733551025, -45.507423400878906, -0.11950968205928802, -0.03208926320075989, -0.05961871147155762]","[-0.7879481911659241, 0.5339572429656982, 1.5924822092056274, 0.0031222724355757236, 0.013957754708826542, -5.607886487268843e-05]"
2026-02-27T10:40:01.068,240,"[-8.653718948364258, 6.53478479385376, -45.50680923461914, -0.1195027306675911, -0.032117705792188644, -0.05953749641776085]","[-0.7893802523612976, 0.5349395871162415, 1.5950251817703247, 0.003125200979411602, 0.013981306925415993, -5.994683306198567e-05]"
2026-02-27T10:40:01.127,241,"[-8.657065391540527, 6.534357070922852, -45.50678253173828, -0.11949342489242554, -0.03214666619896889, -0.05948692560195923]","[-0.7894638180732727, 0.5367143750190735, 1.596584439277649, 0.0031264121644198895, 0.013995991088449955, -6.422797014238313e-05]"
2026-02-27T10:40:01.188,242,"[-8.664765357971191, 6.528931140899658, -45.50537872314453, -0.11947833746671677, -0.032154571264982224, -0.05946923419833183]","[-0.7907879948616028, 0.5370753407478333, 1.5983244180679321, 0.0031288296449929476, 0.014012454077601433, -6.733033660566434e-05]"
2026-02-27T10:40:01.249,243,"[-8.670683860778809, 6.5256805419921875, -45.50321578979492, -0.11946321278810501, -0.03215302526950836, -0.05950411036610603]","[-0.791776180267334, 0.5378446578979492, 1.6000422239303589, 0.0031313698273152113, 0.014028557576239109, -6.951192335691303e-05]"
2026-02-27T10:40:01.310,244,"[-8.670490264892578, 6.527265548706055, -45.50516891479492, -0.11946024745702744, -0.032171785831451416, -0.05955887213349342]","[-0.7927257418632507, 0.5378761291503906, 1.600968360900879, 0.003133119083940983, 0.014037560671567917, -7.285402534762397e-05]"
2026-02-27T10:40:01.373,245,"[-8.671783447265625, 6.526564598083496, -45.504886627197266, -0.1194521114230156, -0.03217371553182602, -0.05965974181890488]","[-0.7936749458312988, 0.5381694436073303, 1.6021783351898193, 0.0031355610117316246, 0.014048977755010128, -7.436881423927844e-05]"
2026-02-27T10:40:01.431,246,"[-8.674832344055176, 6.525317668914795, -45.50590515136719, -0.11944622546434402, -0.03217577189207077, -0.059743981808423996]","[-0.7944442629814148, 0.5384553670883179, 1.6031676530838013, 0.0031379060819745064, 0.014058295637369156, -7.608282612636685e-05]"
2026-02-27T10:40:01.491,247,"[-8.675119400024414, 6.525436878204346, -45.50587463378906, -0.11943913251161575, -0.03216401860117912, -0.05988146364688873]","[-0.7949719429016113, 0.538683295249939, 1.6037991046905518, 0.0031397156417369843, 0.014064413495361805, -7.708937482675537e-05]"
2026-02-27T10:40:01.551,248,"[-8.683505058288574, 6.5172648429870605, -45.50303649902344, -0.11941991001367569, -0.032123368233442307, -0.059900518506765366]","[-0.793917179107666, 0.5411126613616943, 1.6046422719955444, 0.0031414944678545, 0.01407199539244175, -7.808247755747288e-05]"
2026-02-27T10:40:01.612,249,"[-8.683364868164062, 6.516678810119629, -45.50190734863281, -0.11941297352313995, -0.03210708126425743, -0.06003822758793831]","[-0.7949734330177307, 0.5405176281929016, 1.6051777601242065, 0.003143681213259697, 0.014077161438763142, -7.82015995355323e-05]"
2026-02-27T10:40:01.671,250,"[-8.68848705291748, 6.5127387046813965, -45.50075149536133, -0.11940144747495651, -0.032074373215436935, -0.060035523027181625]","[-0.7955631017684937, 0.5402825474739075, 1.60550856590271, 0.003145531052723527, 0.01408033724874258, -7.9017409007065e-05]"
2026-02-27T10:40:01.730,251,"[-8.687128067016602, 6.512270450592041, -45.500831604003906, -0.11939909309148788, -0.032059427350759506, -0.06015250086784363]","[-0.7959233522415161, 0.5403260588645935, 1.6058529615402222, 0.0031472917180508375, 0.01408357173204422, -7.874394941609353e-05]"
2026-02-27T10:40:01.788,252,"[-8.686202049255371, 6.511484622955322, -45.501163482666016, -0.11939829587936401, -0.0320410430431366, -0.06025167554616928]","[-0.7958380579948425, 0.5406957864761353, 1.6059788465499878, 0.003148425603285432, 0.014084734953939915, -7.883123180363327e-05]"
2026-02-27T10:40:01.847,253,"[-8.683890342712402, 6.512756824493408, -45.5028190612793, -0.11939968168735504, -0.0320393405854702, -0.06033306196331978]","[-0.7964028120040894, 0.5403232574462891, 1.6062300205230713, 0.003150109900161624, 0.014087017625570297, -7.883647049311548e-05]"
2026-02-27T10:40:01.905,254,"[-8.682450294494629, 6.512609004974365, -45.502662658691406, -0.11939793825149536, -0.032020386308431625, -0.060410019010305405]","[-0.7960906028747559, 0.5408104062080383, 1.6062414646148682, 0.0031508684623986483, 0.014087067916989326, -7.88066754466854e-05]"
2026-02-27T10:40:01.965,255,"[-8.680835723876953, 6.512263298034668, -45.50308609008789, -0.11939788609743118, -0.03201240673661232, -0.06045813858509064]","[-0.7965443134307861, 0.5403578281402588, 1.6063240766525269, 0.0031519595067948103, 0.014087789691984653, -7.834829011699185e-05]"
2026-02-27T10:40:02.026,256,"[-8.678605079650879, 6.513007164001465, -45.503543853759766, -0.11939924210309982, -0.0320015549659729, -0.06051413342356682]","[-0.7970222234725952, 0.5398848056793213, 1.606451153755188, 0.0031530566047877073, 0.014088865369558334, -7.801577157806605e-05]"
2026-02-27T10:40:02.088,257,"[-8.677257537841797, 6.5132036209106445, -45.50354766845703, -0.11940033733844757, -0.031990811228752136, -0.0605371929705143]","[-0.7968579530715942, 0.5400577783584595, 1.6064189672470093, 0.0031534458976238966, 0.014088421128690243, -7.767972419969738e-05]"
2026-02-27T10:40:02.148,258,"[-8.674764633178711, 6.514663219451904, -45.5041618347168, -0.11940103024244308, -0.03198603540658951, -0.06056705117225647]","[-0.7972226738929749, 0.5395665764808655, 1.6064268350601196, 0.003153966274112463, 0.014088401570916176, -7.714673120062798e-05]"
2026-02-27T10:40:02.207,259,"[-8.673299789428711, 6.515615940093994, -45.50472640991211, -0.11940312385559082, -0.031985871493816376, -0.06056709960103035]","[-0.796670138835907, 0.5404875874519348, 1.6067025661468506, 0.0031544631347060204, 0.0140905249863863, -7.731923687970266e-05]"
2026-02-27T10:40:02.267,260,"[-8.6718111038208, 6.517061710357666, -45.50545120239258, -0.11940509080886841, -0.031989336013793945, -0.06055113673210144]","[-0.7979215979576111, 0.5386185646057129, 1.6065119504928589, 0.003154692705720663, 0.01408887468278408, -7.655024091945961e-05]"
2026-02-27T10:40:02.327,261,"[-8.670402526855469, 6.519008159637451, -45.5057258605957, -0.11940526217222214, -0.03199011832475662, -0.06054161861538887]","[-0.7977167367935181, 0.538785994052887, 1.6065049171447754, 0.0031545355450361967, 0.014088612981140614, -7.674180960748345e-05]"
2026-02-27T10:40:02.389,262,"[-8.66856575012207, 6.5213541984558105, -45.506568908691406, -0.11940673738718033, -0.03199762478470802, -0.06051347777247429]","[-0.7985153198242188, 0.5376733541488647, 1.606527328491211, 0.003154707606881857, 0.014088770374655724, -7.649115286767483e-05]"
2026-02-27T10:40:02.448,263,"[-8.6675386428833, 6.523871898651123, -45.5068244934082, -0.1194075345993042, -0.03200145810842514, -0.06048646196722984]","[-0.7984845042228699, 0.5373684763908386, 1.6062908172607422, 0.0031540014315396547, 0.014086494222283363, -7.647884922334924e-05]"
2026-02-27T10:40:02.510,264,"[-8.666879653930664, 6.526608943939209, -45.50736999511719, -0.11940905451774597, -0.032006338238716125, -0.06045525148510933]","[-0.7997348308563232, 0.5355432629585266, 1.606204867362976, 0.003153993282467127, 0.014085836708545685, -7.571616879431531e-05]"
2026-02-27T10:40:02.569,265,"[-8.66596508026123, 6.529794216156006, -45.50730895996094, -0.11940781027078629, -0.03201129287481308, -0.0604168176651001]","[-0.7995927333831787, 0.5354600548744202, 1.606055736541748, 0.0031532407738268375, 0.01408433634787798, -7.626762089785188e-05]"
2026-02-27T10:40:02.629,266,"[-8.665471076965332, 6.533308506011963, -45.50751495361328, -0.11940724402666092, -0.03201475739479065, -0.06038856878876686]","[-0.7996904253959656, 0.5353078842163086, 1.6061571836471558, 0.003152953926473856, 0.014085071161389351, -7.630904292454943e-05]"
2026-02-27T10:40:02.689,267,"[-8.664567947387695, 6.536654472351074, -45.50741195678711, -0.11940670013427734, -0.03202308341860771, -0.06035677716135979]","[-0.8003836870193481, 0.5343703627586365, 1.6062406301498413, 0.0031528209801763296, 0.014085756614804268, -7.61316841817461e-05]"
2026-02-27T10:40:02.752,268,"[-8.665027618408203, 6.540632247924805, -45.506778717041016, -0.11940324306488037, -0.032021503895521164, -0.06031622365117073]","[-0.801535964012146, 0.5328510403633118, 1.6063467264175415, 0.0031529045663774014, 0.01408672146499157, -7.610458851559088e-05]"
2026-02-27T10:40:02.811,269,"[-8.664904594421387, 6.543914794921875, -45.50691604614258, -0.11940275877714157, -0.032026421278715134, -0.060286469757556915]","[-0.8017210364341736, 0.5327453017234802, 1.6065887212753296, 0.0031528729014098644, 0.01408875547349453, -7.615282811457291e-05]"
2026-02-27T10:40:02.871,270,"[-8.66463565826416, 6.54725456237793, -45.506263732910156, -0.11940226703882217, -0.032029371708631516, -0.06025919318199158]","[-0.8012826442718506, 0.5333966016769409, 1.6067646741867065, 0.0031524626538157463, 0.014090142212808132, -7.651783380424604e-05]"
2026-02-27T10:40:02.932,271,"[-8.664501190185547, 6.55078125, -45.505855560302734, -0.11940138041973114, -0.032031502574682236, -0.0602388009428978]","[-0.8018361926078796, 0.5327125191688538, 1.6068838834762573, 0.0031523844227194786, 0.01409118715673685, -7.637312955921516e-05]"
2026-02-27T10:40:02.990,272,"[-8.664654731750488, 6.554607391357422, -45.505592346191406, -0.11939944326877594, -0.03203097730875015, -0.06021128222346306]","[-0.801802933216095, 0.5330759286880493, 1.6072787046432495, 0.0031526475213468075, 0.014094524085521698, -7.692470535403118e-05]"
2026-02-27T10:40:03.050,273,"[-8.66466236114502, 6.55703592300415, -45.50471115112305, -0.11939870566129684, -0.032029785215854645, -0.06018790602684021]","[-0.8023260831832886, 0.5326946973800659, 1.6076337099075317, 0.0031530619598925114, 0.014097674749791622, -7.691211794735864e-05]"
2026-02-27T10:40:03.110,274,"[-8.664958000183105, 6.560446262359619, -45.50487518310547, -0.11939938366413116, -0.03203776106238365, -0.060153864324092865]","[-0.8035266995429993, 0.5312857627868652, 1.6078360080718994, 0.0031535401940345764, 0.01409964356571436, -7.669821206945926e-05]"
2026-02-27T10:40:03.168,275,"[-8.664473533630371, 6.5628581047058105, -45.50464630126953, -0.11939801275730133, -0.03203883767127991, -0.06014278903603554]","[-0.8034389615058899, 0.5320011377334595, 1.6084543466567993, 0.0031543285585939884, 0.014105011709034443, -7.725832256255671e-05]"
2026-02-27T10:40:03.230,276,"[-8.674007415771484, 6.5525922775268555, -45.497135162353516, -0.11937527358531952, -0.0319829024374485, -0.060139551758766174]","[-0.804172933101654, 0.5312133431434631, 1.608626365661621, 0.003154712961986661, 0.014106701128184795, -7.731118239462376e-05]"
2026-02-27T10:40:03.289,277,"[-8.673752784729004, 6.5525922775268555, -45.495445251464844, -0.11937306821346283, -0.031974997371435165, -0.06012061610817909]","[-0.8045774698257446, 0.5310602188110352, 1.608985185623169, 0.0031553092412650585, 0.014109959825873375, -7.734160317340866e-05]"
2026-02-27T10:40:03.348,278,"[-8.673477172851562, 6.553479194641113, -45.49489212036133, -0.11937181651592255, -0.03197088837623596, -0.060127925127744675]","[-0.8045281171798706, 0.53184974193573, 1.6096718311309814, 0.0031563728116452694, 0.01411606464534998, -7.786372589180246e-05]"
2026-02-27T10:40:03.407,279,"[-8.674283027648926, 6.553892135620117, -45.49431228637695, -0.1193714439868927, -0.031971488147974014, -0.06011969968676567]","[-0.80413818359375, 0.5328348278999329, 1.6100921630859375, 0.003156909951940179, 0.014119751751422882, -7.859802281018347e-05]"
2026-02-27T10:40:03.466,280,"[-8.674398422241211, 6.553299427032471, -45.4935188293457, -0.11937087774276733, -0.03196774423122406, -0.06012653186917305]","[-0.8054566383361816, 0.5317071080207825, 1.610632300376892, 0.0031583260279148817, 0.014124840497970581, -7.824542990420014e-05]"
2026-02-27T10:40:03.527,281,"[-8.674643516540527, 6.552380084991455, -45.492820739746094, -0.1193707063794136, -0.031965699046850204, -0.060126107186079025]","[-0.8055242300033569, 0.5322751998901367, 1.6112114191055298, 0.0031593956518918276, 0.014130055904388428, -7.894272857811302e-05]"
2026-02-27T10:40:03.586,282,"[-8.673802375793457, 6.551421165466309, -45.49217224121094, -0.11936897039413452, -0.03196072205901146, -0.06014689430594444]","[-0.8048755526542664, 0.5333268046379089, 1.6113125085830688, 0.00315936841070652, 0.014131017029285431, -7.96383319539018e-05]"
2026-02-27T10:40:03.646,283,"[-8.674187660217285, 6.549788951873779, -45.49171829223633, -0.11936957389116287, -0.0319589227437973, -0.060155320912599564]","[-0.8050000667572021, 0.5337489247322083, 1.6118046045303345, 0.003160414518788457, 0.014135499484837055, -8.020568930078298e-05]"
2026-02-27T10:40:03.708,284,"[-8.674588203430176, 6.5480804443359375, -45.4912109375, -0.11936693638563156, -0.03195207566022873, -0.06015905365347862]","[-0.804726243019104, 0.5342031717300415, 1.6117897033691406, 0.003160367254167795, 0.014135576784610748, -8.073983190115541e-05]"
2026-02-27T10:40:03.766,285,"[-8.673117637634277, 6.546360015869141, -45.49095916748047, -0.11936771869659424, -0.031952373683452606, -0.0601949617266655]","[-0.8044113516807556, 0.5355716347694397, 1.6126477718353271, 0.003161811036989093, 0.014143182896077633, -8.129274647217244e-05]"
2026-02-27T10:40:03.825,286,"[-8.673834800720215, 6.544681072235107, -45.4911003112793, -0.1193683072924614, -0.0319509319961071, -0.060207873582839966]","[-0.8051591515541077, 0.5348376631736755, 1.6127915382385254, 0.003162493696436286, 0.014144737273454666, -8.141227590385824e-05]"
2026-02-27T10:40:03.886,287,"[-8.673004150390625, 6.542496204376221, -45.49064636230469, -0.11936751753091812, -0.03194732218980789, -0.06023167073726654]","[-0.8054977655410767, 0.5345657467842102, 1.612857460975647, 0.003162909531965852, 0.01414565835148096, -8.169457578333095e-05]"
2026-02-27T10:40:03.947,288,"[-8.671936988830566, 6.541973114013672, -45.491207122802734, -0.11936632543802261, -0.03194988891482353, -0.06024835631251335]","[-0.8054512143135071, 0.5350040197372437, 1.6131434440612793, 0.0031635286286473274, 0.014148315414786339, -8.234746201196685e-05]"
2026-02-27T10:40:04.006,289,"[-8.669440269470215, 6.540265083312988, -45.490966796875, -0.11936478316783905, -0.03195006027817726, -0.06028234586119652]","[-0.8053975105285645, 0.5352237820625305, 1.6132042407989502, 0.0031637530773878098, 0.01414900179952383, -8.277724555227906e-05]"
2026-02-27T10:40:04.064,290,"[-8.669981956481934, 6.538167476654053, -45.49079132080078, -0.1193629577755928, -0.031943801790475845, -0.06030100956559181]","[-0.8042033314704895, 0.5369490385055542, 1.61329185962677, 0.003163518151268363, 0.014149704948067665, -8.390567381866276e-05]"
2026-02-27T10:40:04.123,291,"[-8.669416427612305, 6.537168502807617, -45.491092681884766, -0.11936277896165848, -0.03194453567266464, -0.06031462922692299]","[-0.8050304055213928, 0.53593909740448, 1.6132981777191162, 0.0031639488879591227, 0.01415003277361393, -8.378894563065842e-05]"
2026-02-27T10:40:04.182,292,"[-8.6686372756958, 6.535890579223633, -45.49147033691406, -0.11936254054307938, -0.03194429352879524, -0.0603419728577137]","[-0.8059138059616089, 0.5349706411361694, 1.613434076309204, 0.0031646022107452154, 0.014151475392282009, -8.348563278559595e-05]"
2026-02-27T10:40:04.241,293,"[-8.667876243591309, 6.535142421722412, -45.49161148071289, -0.11936018615961075, -0.031943876296281815, -0.06035695597529411]","[-0.805526852607727, 0.5355521440505981, 1.6134672164916992, 0.0031646080315113068, 0.014151793904602528, -8.404500113101676e-05]"
2026-02-27T10:40:04.300,294,"[-8.667146682739258, 6.535367965698242, -45.49259948730469, -0.11936062574386597, -0.031948138028383255, -0.06037747487425804]","[-0.8049501776695251, 0.536331832408905, 1.6134670972824097, 0.003164378460496664, 0.014151740819215775, -8.464043639833108e-05]"
2026-02-27T10:40:04.359,295,"[-8.666654586791992, 6.535216331481934, -45.49268341064453, -0.11935992538928986, -0.03194423392415047, -0.06039497256278992]","[-0.8052195906639099, 0.5357964038848877, 1.6132662296295166, 0.0031641670502722263, 0.014150072820484638, -8.447874279227108e-05]"
2026-02-27T10:40:04.418,296,"[-8.666091918945312, 6.534944534301758, -45.49298095703125, -0.1193593218922615, -0.03194716200232506, -0.06040634214878082]","[-0.8047404885292053, 0.5363341569900513, 1.6131772994995117, 0.0031638338696211576, 0.014149198308587074, -8.488286403007805e-05]"
2026-02-27T10:40:04.477,297,"[-8.66549015045166, 6.536188125610352, -45.493499755859375, -0.1193578913807869, -0.03194491192698479, -0.06042524427175522]","[-0.8050471544265747, 0.5357263088226318, 1.6129798889160156, 0.003163605462759733, 0.014147518202662468, -8.468854503007606e-05]"
2026-02-27T10:40:04.539,298,"[-8.664604187011719, 6.536850452423096, -45.494239807128906, -0.1193573847413063, -0.03195016458630562, -0.06043613329529762]","[-0.8063084483146667, 0.534095823764801, 1.6130276918411255, 0.0031642315443605185, 0.014148115180432796, -8.408651046920568e-05]"
